-- phpMyAdmin SQL Dump
-- version 4.8.2
-- https://www.phpmyadmin.net/
--
-- Host: 127.0.0.1
-- Generation Time: Aug 26, 2018 at 09:26 AM
-- Server version: 10.1.34-MariaDB
-- PHP Version: 7.2.7

SET SQL_MODE = "NO_AUTO_VALUE_ON_ZERO";
SET AUTOCOMMIT = 0;
START TRANSACTION;
SET time_zone = "+00:00";


/*!40101 SET @OLD_CHARACTER_SET_CLIENT=@@CHARACTER_SET_CLIENT */;
/*!40101 SET @OLD_CHARACTER_SET_RESULTS=@@CHARACTER_SET_RESULTS */;
/*!40101 SET @OLD_COLLATION_CONNECTION=@@COLLATION_CONNECTION */;
/*!40101 SET NAMES utf8mb4 */;

--
-- Database: `eapi`
--

-- --------------------------------------------------------

--
-- Table structure for table `migrations`
--

CREATE TABLE `migrations` (
  `id` int(10) UNSIGNED NOT NULL,
  `migration` varchar(191) COLLATE utf8mb4_unicode_ci NOT NULL,
  `batch` int(11) NOT NULL
) ENGINE=InnoDB DEFAULT CHARSET=utf8mb4 COLLATE=utf8mb4_unicode_ci;

--
-- Dumping data for table `migrations`
--

INSERT INTO `migrations` (`id`, `migration`, `batch`) VALUES
(1, '2014_10_12_000000_create_users_table', 1),
(2, '2014_10_12_100000_create_password_resets_table', 1),
(3, '2018_08_13_145150_create_products_migration', 1),
(4, '2018_08_13_154604_create_reviews_migration', 1);

-- --------------------------------------------------------

--
-- Table structure for table `password_resets`
--

CREATE TABLE `password_resets` (
  `email` varchar(191) COLLATE utf8mb4_unicode_ci NOT NULL,
  `token` varchar(191) COLLATE utf8mb4_unicode_ci NOT NULL,
  `created_at` timestamp NULL DEFAULT NULL
) ENGINE=InnoDB DEFAULT CHARSET=utf8mb4 COLLATE=utf8mb4_unicode_ci;

-- --------------------------------------------------------

--
-- Table structure for table `products`
--

CREATE TABLE `products` (
  `id` int(10) UNSIGNED NOT NULL,
  `name` varchar(191) COLLATE utf8mb4_unicode_ci NOT NULL,
  `description` text COLLATE utf8mb4_unicode_ci NOT NULL,
  `price` int(11) NOT NULL,
  `discount` int(11) NOT NULL,
  `stock` int(11) NOT NULL,
  `created_at` timestamp NULL DEFAULT NULL,
  `updated_at` timestamp NULL DEFAULT NULL
) ENGINE=InnoDB DEFAULT CHARSET=utf8mb4 COLLATE=utf8mb4_unicode_ci;

--
-- Dumping data for table `products`
--

INSERT INTO `products` (`id`, `name`, `description`, `price`, `discount`, `stock`, `created_at`, `updated_at`) VALUES
(301, 'odio', 'Doloribus autem at reprehenderit molestiae. Deserunt sint eum praesentium veniam animi eius. Eaque dolorum ex in at aut et a.', 645, 3, 5, '2018-08-13 11:41:55', '2018-08-13 11:41:55'),
(302, 'iste', 'Voluptas soluta necessitatibus autem error hic omnis. Ut sapiente qui voluptatum non et ad. Cupiditate deleniti dolorum et. Voluptates aperiam quo id corporis et.', 453, 2, 7, '2018-08-13 11:41:55', '2018-08-13 11:41:55'),
(303, 'ullam', 'Dolor dolorum quis voluptatem libero et. Veritatis aspernatur ad pariatur ad enim. Suscipit tempora et est et cumque ullam.', 773, 3, 4, '2018-08-13 11:41:55', '2018-08-13 11:41:55'),
(304, 'minus', 'Optio facere natus facere rerum voluptatem. Animi nemo ut quas porro quis laborum corrupti. Sunt minus possimus sequi tenetur. Nobis ut deleniti sunt adipisci in. Repellat ipsum molestias mollitia sit.', 668, 3, 2, '2018-08-13 11:41:55', '2018-08-13 11:41:55'),
(305, 'praesentium', 'Dolor rerum quo autem expedita ipsa vitae voluptatem. Cumque nihil adipisci eos mollitia nam. Alias ut voluptas qui vero quo laudantium ea consequatur. Quia maiores sint magnam. Sapiente eum saepe error esse quia cumque in.', 163, 2, 8, '2018-08-13 11:41:55', '2018-08-13 11:41:55'),
(306, 'nesciunt', 'Id at fugiat perferendis vel nulla ex eum. Ut recusandae dignissimos aut numquam velit aut officiis qui. Aliquid praesentium hic dicta sequi tenetur.', 330, 2, 9, '2018-08-13 11:41:55', '2018-08-13 11:41:55'),
(307, 'quis', 'Voluptatem maiores et molestiae autem commodi. Et qui quibusdam inventore ut. Tenetur eaque sed et dicta rerum velit. Sed beatae quisquam sequi vitae modi.', 714, 2, 7, '2018-08-13 11:41:55', '2018-08-13 11:41:55'),
(308, 'dolores', 'Qui a quasi doloremque est quo dolor. Vel libero alias modi doloribus sit eum et. Nihil voluptas et harum.', 991, 3, 0, '2018-08-13 11:41:55', '2018-08-13 11:41:55'),
(309, 'vitae', 'In quia sed in. Laboriosam exercitationem et eos similique architecto ea ut. Temporibus omnis velit et voluptate saepe quaerat quae. Dicta fuga magni excepturi aut velit quo voluptatem.', 606, 2, 2, '2018-08-13 11:41:55', '2018-08-13 11:41:55'),
(310, 'aliquid', 'Voluptatem deleniti consequatur cupiditate quia. Non ex et veniam quia voluptatibus. Officia sunt a repudiandae repudiandae sed corporis et. Qui est laboriosam corrupti porro.', 297, 3, 2, '2018-08-13 11:41:55', '2018-08-13 11:41:55'),
(311, 'nostrum', 'Et laboriosam laudantium nostrum dolorem quaerat dicta. Voluptate quia voluptatem excepturi aut eum ut et. Sunt at reiciendis ut quia tempora.', 622, 3, 9, '2018-08-13 11:41:55', '2018-08-13 11:41:55'),
(312, 'voluptatum', 'Sed eligendi harum ut sequi. Facere asperiores ut quia. Deleniti nisi ut blanditiis eos eius officiis consequatur.', 782, 2, 4, '2018-08-13 11:41:56', '2018-08-13 11:41:56'),
(313, 'autem', 'At molestiae inventore sunt amet. Magni et fugit culpa ut itaque ut. Porro veritatis quis fugiat velit hic qui. Inventore eligendi quia beatae.', 185, 2, 2, '2018-08-13 11:41:56', '2018-08-13 11:41:56'),
(314, 'temporibus', 'Amet est veniam eius. Recusandae eaque consequuntur sit fugit quas dolorem et. Voluptatum minus cum ad fuga.', 104, 3, 0, '2018-08-13 11:41:56', '2018-08-13 11:41:56'),
(315, 'quod', 'Qui molestiae facilis sapiente impedit explicabo velit sed. Ut in repudiandae soluta quaerat enim accusantium id. Esse soluta eligendi eveniet et nulla quasi fugiat. Vel necessitatibus blanditiis cupiditate deserunt expedita porro.', 541, 2, 8, '2018-08-13 11:41:56', '2018-08-13 11:41:56'),
(316, 'laboriosam', 'Hic odit repudiandae voluptas harum dolorum ab a. Qui possimus quia ad assumenda veritatis aut. Qui voluptas quia sint delectus. Ullam vel asperiores ut sint quod similique assumenda. Sunt distinctio eius delectus ea reprehenderit.', 591, 3, 2, '2018-08-13 11:41:56', '2018-08-13 11:41:56'),
(317, 'odio', 'Temporibus molestiae voluptatum doloremque. Asperiores nihil harum voluptas exercitationem ullam et accusamus placeat. Beatae ut nisi voluptatem eos velit facilis. Voluptatum iste quam optio aut eveniet eos.', 245, 3, 5, '2018-08-13 11:41:56', '2018-08-13 11:41:56'),
(318, 'sapiente', 'Fuga omnis sit consectetur suscipit quisquam. Ad earum est non voluptas non fugit ut. Voluptate alias qui enim ipsa tempore neque et. Voluptas soluta aperiam saepe reprehenderit autem quos non. Qui ut exercitationem quae magni.', 703, 3, 9, '2018-08-13 11:41:56', '2018-08-13 11:41:56'),
(319, 'libero', 'Cupiditate laboriosam itaque ea eum mollitia quod et. Quisquam delectus pariatur nostrum modi ea nihil. Veritatis voluptas fuga eum est assumenda ut laborum. Omnis hic officia voluptatem et.', 238, 3, 1, '2018-08-13 11:41:56', '2018-08-13 11:41:56'),
(320, 'ipsum', 'Similique cupiditate magnam accusamus debitis doloribus suscipit. Quod dignissimos in quod perspiciatis facere aut velit. Est hic accusantium accusamus et laborum tempore. Deleniti deserunt aut voluptatem aut laborum in odit est. Minus libero similique delectus velit.', 448, 3, 5, '2018-08-13 11:41:56', '2018-08-13 11:41:56'),
(321, 'sequi', 'Provident quos omnis iure adipisci sunt. Sunt ullam voluptas voluptas qui. Ea enim facere aliquid quia fugiat ipsa. Quos placeat iusto perferendis voluptatem est fuga eligendi.', 256, 2, 9, '2018-08-13 11:41:56', '2018-08-13 11:41:56'),
(322, 'sint', 'Occaecati non assumenda tempora omnis eum. Impedit sit molestias quia. Qui reprehenderit non a ut doloremque.', 535, 2, 9, '2018-08-13 11:41:56', '2018-08-13 11:41:56'),
(323, 'est', 'Et perspiciatis fuga est. Consequatur quisquam debitis nihil ut quis sed. Quis qui architecto vel nesciunt. Et necessitatibus non necessitatibus et praesentium quia. Consectetur ullam mollitia omnis veniam.', 173, 3, 5, '2018-08-13 11:41:56', '2018-08-13 11:41:56'),
(324, 'ut', 'Atque sit nihil eaque est voluptatem earum. Cum dolores voluptatibus sed aperiam ducimus. Numquam recusandae aliquid optio dolores.', 959, 2, 0, '2018-08-13 11:41:56', '2018-08-13 11:41:56'),
(325, 'illum', 'Amet aut tempore minima est minima. Repudiandae ad voluptatem aliquam velit illo est. Earum dignissimos accusantium quae voluptas in. Velit perferendis natus laudantium quis corporis est ullam.', 182, 2, 1, '2018-08-13 11:41:56', '2018-08-13 11:41:56'),
(326, 'quidem', 'Omnis omnis sapiente beatae rerum quo magni. Magnam cupiditate omnis harum animi. Ducimus id provident tenetur nostrum eligendi qui et. Quia voluptas eveniet illo.', 548, 2, 4, '2018-08-13 11:41:56', '2018-08-13 11:41:56'),
(327, 'adipisci', 'Enim sint qui perspiciatis eaque molestiae cum rem. Aut dolorum sed est neque aspernatur. Pariatur beatae ducimus debitis ab. Qui omnis aut dolores ullam.', 942, 2, 3, '2018-08-13 11:41:56', '2018-08-13 11:41:56'),
(328, 'expedita', 'Repellendus laborum dolores est. Nam soluta voluptas libero praesentium id. Blanditiis illum voluptates aut sit. Blanditiis consequatur minus sed aspernatur et et.', 601, 3, 8, '2018-08-13 11:41:56', '2018-08-13 11:41:56'),
(329, 'ipsa', 'Natus perspiciatis rerum sapiente optio eos nulla possimus. Pariatur cupiditate recusandae veniam voluptatem. Odio autem quos aut in aut est. Sunt nisi eos quidem quam quisquam iste totam omnis.', 473, 2, 8, '2018-08-13 11:41:56', '2018-08-13 11:41:56'),
(330, 'sit', 'Minus et facere dicta tempora adipisci consequuntur placeat. Qui cum quae facilis neque ab dicta. Nulla consequatur velit aut porro aut.', 895, 3, 5, '2018-08-13 11:41:56', '2018-08-13 11:41:56'),
(331, 'enim', 'Ullam voluptas doloremque optio. Quo ut maiores voluptates ipsum earum. Enim nisi molestias quia quas laboriosam voluptas dolore. Numquam voluptate neque quisquam sed eius rerum.', 626, 2, 0, '2018-08-13 11:41:56', '2018-08-13 11:41:56'),
(332, 'voluptatem', 'Consectetur deserunt autem veritatis adipisci unde unde. Et aliquid animi tenetur dolore. Tempore eum aut delectus aut quas consequatur nemo. Officiis fuga officiis aut voluptate dolor vel sit.', 567, 3, 4, '2018-08-13 11:41:56', '2018-08-13 11:41:56'),
(333, 'fuga', 'Ipsa sequi cumque in laudantium neque voluptate consequatur. Possimus maiores possimus sunt commodi nobis soluta eius. Esse sequi aut in saepe.', 612, 3, 2, '2018-08-13 11:41:56', '2018-08-13 11:41:56'),
(334, 'necessitatibus', 'Amet debitis quis et rem itaque. Occaecati blanditiis ut voluptatem soluta iste et. Quas sunt eos consequatur neque consectetur animi. Voluptates ad eos quia aut vel sed.', 106, 3, 5, '2018-08-13 11:41:56', '2018-08-13 11:41:56'),
(335, 'voluptatem', 'Accusamus molestiae excepturi quam. Est doloremque qui est voluptatem dolores.', 903, 3, 2, '2018-08-13 11:41:56', '2018-08-13 11:41:56'),
(336, 'fugiat', 'Commodi provident optio qui ab pariatur. Consectetur ut voluptates praesentium sunt. Eligendi eveniet recusandae reprehenderit velit sint. Porro nobis cum mollitia culpa provident accusantium perspiciatis quam.', 376, 3, 9, '2018-08-13 11:41:56', '2018-08-13 11:41:56'),
(337, 'doloribus', 'Eligendi earum doloribus necessitatibus voluptatem culpa aliquid ea est. Voluptas cupiditate alias tempore incidunt. Occaecati harum alias deleniti magnam et.', 535, 3, 5, '2018-08-13 11:41:56', '2018-08-13 11:41:56'),
(338, 'aliquam', 'Aut aspernatur saepe aliquam qui minus nisi alias. Asperiores accusantium recusandae molestiae ex natus animi neque. Sit et velit consequatur amet quo. Et tempora necessitatibus qui eum iusto ut illum. Nulla esse sequi consequatur velit.', 780, 2, 6, '2018-08-13 11:41:56', '2018-08-13 11:41:56'),
(339, 'eum', 'Assumenda cum commodi et consequatur. Numquam architecto voluptatibus ullam repudiandae. Adipisci ipsam temporibus qui quo sit pariatur quia. Tenetur odit sint molestiae ut ut voluptatum illo.', 833, 3, 7, '2018-08-13 11:41:56', '2018-08-13 11:41:56'),
(340, 'nobis', 'Eligendi voluptas voluptas et quia ratione. Ad et qui est velit. Possimus quasi iste totam minima. Accusantium eius fugiat nobis quisquam voluptas tempora.', 999, 3, 3, '2018-08-13 11:41:56', '2018-08-13 11:41:56'),
(341, 'ut', 'Sed facere officiis itaque ut natus suscipit rerum ipsum. Non temporibus sunt deserunt non qui. Laboriosam atque iste saepe est aut dolores. Nihil et ex illo possimus laboriosam quidem. Eum perspiciatis porro aut quia cumque.', 724, 3, 9, '2018-08-13 11:41:57', '2018-08-13 11:41:57'),
(342, 'vel', 'Aut at perferendis maxime quae voluptates. Rem quae tempore necessitatibus alias quo eum consequatur. Earum natus porro omnis voluptatibus et. Nobis recusandae qui et ut voluptates. Harum a id tenetur laboriosam nihil officiis ea hic.', 779, 3, 9, '2018-08-13 11:41:57', '2018-08-13 11:41:57'),
(343, 'hic', 'Qui blanditiis exercitationem omnis saepe quo reiciendis. Ipsum aspernatur qui mollitia beatae quis. Est alias modi laboriosam occaecati eum.', 296, 2, 8, '2018-08-13 11:41:57', '2018-08-13 11:41:57'),
(344, 'quis', 'Reiciendis quod quae aliquam sed. Dolores consequatur sit molestias atque. Odio laudantium qui accusamus fugit consequatur eos. Quisquam et consequuntur recusandae vitae aperiam voluptatum natus.', 212, 3, 0, '2018-08-13 11:41:57', '2018-08-13 11:41:57'),
(345, 'consequatur', 'Numquam explicabo quibusdam aut nihil laboriosam sed recusandae quos. Cupiditate et reprehenderit eveniet error dolorem corporis. Tenetur deserunt asperiores dolore voluptas quibusdam.', 790, 3, 1, '2018-08-13 11:41:57', '2018-08-13 11:41:57'),
(346, 'atque', 'Qui consequatur ea voluptatem. Pariatur in enim delectus dicta perspiciatis natus dicta. Rem vero non laborum.', 349, 2, 4, '2018-08-13 11:41:57', '2018-08-13 11:41:57'),
(347, 'veniam', 'Ipsa in quam aut. Dolores aut et ut ipsa earum neque dolorem. Qui natus eum ea temporibus commodi.', 659, 3, 4, '2018-08-13 11:41:57', '2018-08-13 11:41:57'),
(348, 'amet', 'Veritatis deleniti similique inventore eligendi deserunt. Natus enim veniam velit est quas nesciunt repudiandae hic. Quia similique ut in qui laudantium sunt. Hic ut ea qui doloribus incidunt eveniet iure.', 665, 3, 0, '2018-08-13 11:41:57', '2018-08-13 11:41:57'),
(349, 'sit', 'Quas laudantium laborum sit esse. Sequi minus non qui saepe a sunt nam. Eligendi ipsa nam et non veritatis. Rerum cumque tempora ut modi dolor facilis officiis minima.', 866, 2, 2, '2018-08-13 11:41:57', '2018-08-13 11:41:57'),
(350, 'corrupti', 'Quam veniam tempore corrupti nulla. Molestiae cupiditate ut nam facilis quisquam libero iusto. Vel ad facere occaecati sit. Itaque nostrum quis aut omnis dolorem consequatur.', 300, 3, 8, '2018-08-13 11:41:57', '2018-08-13 11:41:57'),
(351, 'voluptatem', 'Eaque dicta velit voluptatem est et fugit tenetur eos. Eos labore corrupti quia dolor ut ipsa.', 368, 2, 7, '2018-08-13 11:41:57', '2018-08-13 11:41:57'),
(352, 'error', 'Modi ea et quia dolorem. Reiciendis accusamus voluptates et qui sint autem. Id aut assumenda et enim dolor et aut. Placeat accusamus vitae aspernatur est impedit non quaerat.', 726, 2, 1, '2018-08-13 11:41:57', '2018-08-13 11:41:57'),
(353, 'veritatis', 'Veritatis et pariatur nesciunt. Numquam explicabo in voluptas vitae asperiores nesciunt nobis. Quos quia consequuntur sit mollitia tempore in repellat eos.', 240, 3, 9, '2018-08-13 11:41:57', '2018-08-13 11:41:57'),
(354, 'iure', 'Sint consequuntur velit assumenda enim sed. Dolor aut nobis id iste quis corporis eligendi recusandae.', 802, 3, 6, '2018-08-13 11:41:57', '2018-08-13 11:41:57'),
(355, 'laudantium', 'Omnis omnis ut laudantium doloribus ut veniam quo. Totam aliquam quasi hic unde voluptatem hic molestiae exercitationem. Minima aspernatur qui voluptates aut.', 194, 3, 3, '2018-08-13 11:41:57', '2018-08-13 11:41:57'),
(356, 'odio', 'Veritatis officiis sequi magni possimus accusantium adipisci. Earum nostrum sequi aut. Ipsam voluptatem dolores provident. Architecto quo nisi harum possimus.', 799, 2, 7, '2018-08-13 11:41:57', '2018-08-13 11:41:57'),
(357, 'autem', 'Incidunt tenetur vero iusto fugiat omnis. Adipisci ullam rerum vel et deserunt. Aut quia sit impedit.', 992, 2, 9, '2018-08-13 11:41:57', '2018-08-13 11:41:57'),
(358, 'deserunt', 'Officia qui rerum odio repellendus. Sunt quasi voluptatum laudantium quis esse cumque. Vel natus provident soluta.', 811, 3, 8, '2018-08-13 11:41:57', '2018-08-13 11:41:57'),
(359, 'et', 'Quo sit aut ut praesentium in. Velit nobis rerum expedita ad cum aut molestiae.', 165, 3, 0, '2018-08-13 11:41:57', '2018-08-13 11:41:57'),
(360, 'natus', 'Quo vel qui a quae molestias sed voluptas sint. Deleniti dolor et voluptas vel distinctio enim. Voluptates et sunt voluptate cupiditate. Temporibus accusamus velit quia.', 364, 3, 8, '2018-08-13 11:41:57', '2018-08-13 11:41:57'),
(361, 'sequi', 'Pariatur corrupti consequatur doloribus et. Vitae quia sit reiciendis. Unde iusto voluptas et recusandae sed quasi velit. Excepturi nihil quidem dolor quaerat ipsum.', 716, 3, 9, '2018-08-13 11:41:57', '2018-08-13 11:41:57'),
(362, 'sequi', 'Sequi voluptatem ipsum alias ex. Ut facere sit et nobis et. Neque non voluptates voluptatem sit vel est voluptas. Laborum error sunt et animi ipsam eum quidem.', 767, 2, 3, '2018-08-13 11:41:57', '2018-08-13 11:41:57'),
(363, 'et', 'In pariatur tempora dolore est similique. Mollitia aut voluptatem molestiae voluptatum quidem. Iusto enim praesentium dolores aut aliquid quia. Odit nobis et est qui dolor.', 868, 2, 5, '2018-08-13 11:41:57', '2018-08-13 11:41:57'),
(364, 'quia', 'Sit eum illum quas ut. Accusamus nulla alias perferendis. Eius vero dolorem rerum consequatur consectetur.', 180, 2, 6, '2018-08-13 11:41:57', '2018-08-13 11:41:57'),
(365, 'accusamus', 'Error dolorem maxime quia facere corporis explicabo ut. Voluptatum possimus eos est. Neque et voluptas distinctio deserunt architecto.', 330, 2, 1, '2018-08-13 11:41:57', '2018-08-13 11:41:57'),
(366, 'doloribus', 'Magni culpa et vitae sed. Hic aperiam omnis atque doloribus optio. Facere qui eveniet saepe beatae ducimus provident.', 549, 3, 0, '2018-08-13 11:41:57', '2018-08-13 11:41:57'),
(367, 'voluptate', 'Dolores ut at vitae eius. Eveniet tempore itaque excepturi neque quo numquam. Dolor voluptatem delectus eos earum.', 959, 3, 4, '2018-08-13 11:41:57', '2018-08-13 11:41:57'),
(368, 'aut', 'Corrupti quis dolorem consequuntur placeat. Quia possimus autem placeat pariatur voluptates ullam. Modi amet voluptas reiciendis earum id corrupti.', 945, 2, 4, '2018-08-13 11:41:57', '2018-08-13 11:41:57'),
(369, 'pariatur', 'Quidem est cum dolor omnis voluptatem eum. Et ut error commodi. Maiores facilis esse inventore consectetur at eligendi at. Nostrum amet dolore beatae id velit voluptatem non voluptas.', 483, 2, 2, '2018-08-13 11:41:57', '2018-08-13 11:41:57'),
(370, 'quis', 'Velit itaque voluptas odit esse ut eum. Velit in dolore nihil harum reiciendis molestiae iste. Id non iste et nam inventore.', 507, 2, 9, '2018-08-13 11:41:57', '2018-08-13 11:41:57'),
(371, 'aut', 'Natus dolorem veritatis voluptatibus qui natus impedit voluptatibus. Consequuntur nisi quasi velit dicta unde quaerat. Laudantium non non non sed. Consectetur vel autem necessitatibus sunt. Laboriosam voluptatem vitae beatae doloremque maxime voluptas.', 841, 2, 3, '2018-08-13 11:41:57', '2018-08-13 11:41:57'),
(372, 'non', 'At repellendus ea ullam dolorum tenetur iste. Veniam perferendis odio quo doloremque et omnis.', 381, 2, 4, '2018-08-13 11:41:57', '2018-08-13 11:41:57'),
(373, 'nobis', 'Ut mollitia ut qui est consequatur. Quis officia dignissimos a beatae. Provident dolores id tempore qui in. Sed ad optio et quo dolores asperiores.', 719, 2, 8, '2018-08-13 11:41:58', '2018-08-13 11:41:58'),
(374, 'maiores', 'Quo repellendus recusandae voluptatem sit fugit omnis. Expedita id sint cum aperiam aliquam est. Qui perspiciatis inventore quia dolorum dolor. In tenetur enim blanditiis qui laborum.', 552, 3, 5, '2018-08-13 11:41:58', '2018-08-13 11:41:58'),
(375, 'quasi', 'Et molestias qui et ea qui. At iusto voluptatem earum necessitatibus amet nesciunt. Aut maiores non repudiandae cupiditate expedita dolor.', 297, 3, 9, '2018-08-13 11:41:58', '2018-08-13 11:41:58'),
(376, 'sed', 'Exercitationem sint libero et. Et autem laudantium vel numquam et minima. Et exercitationem reiciendis qui temporibus et doloribus at.', 909, 3, 9, '2018-08-13 11:41:58', '2018-08-13 11:41:58'),
(377, 'itaque', 'Suscipit laborum aliquam laudantium eos aut quidem. Enim qui quaerat voluptatibus.', 355, 2, 4, '2018-08-13 11:41:58', '2018-08-13 11:41:58'),
(378, 'dolores', 'Aut qui repellat sint ut alias. Nostrum eum eos quo dolor et quia. Suscipit est corrupti quasi quia. Quia quo assumenda quidem non. Mollitia reprehenderit doloremque veniam odit aperiam.', 364, 2, 0, '2018-08-13 11:41:58', '2018-08-13 11:41:58'),
(379, 'et', 'Atque consectetur et et quaerat quos incidunt quidem animi. Distinctio voluptatem maxime praesentium est velit voluptas. Est voluptatem nam eligendi doloremque fugit tempora accusamus.', 134, 2, 5, '2018-08-13 11:41:58', '2018-08-13 11:41:58'),
(380, 'illum', 'Perferendis occaecati qui consequatur asperiores error quas occaecati. Est nemo sit expedita deleniti non. Magnam et in sed explicabo repellendus.', 116, 3, 9, '2018-08-13 11:41:58', '2018-08-13 11:41:58'),
(381, 'et', 'Et velit sed enim velit deleniti nemo sint occaecati. Cum eius porro placeat vero eum maxime. Aut sunt voluptates consequatur quaerat. Et omnis labore voluptas doloremque.', 540, 3, 0, '2018-08-13 11:41:58', '2018-08-13 11:41:58'),
(382, 'aspernatur', 'Aut ipsam totam ut consectetur modi voluptates. Expedita accusantium vitae et ullam corporis. Voluptas in at voluptas rerum rerum quam suscipit. Sit aut quod dolores est commodi.', 971, 2, 3, '2018-08-13 11:41:58', '2018-08-13 11:41:58'),
(383, 'distinctio', 'Explicabo aspernatur est veritatis alias eligendi illo laudantium. Nihil modi quia exercitationem velit quia rerum. Assumenda repudiandae exercitationem qui soluta consequuntur dolores in.', 633, 3, 6, '2018-08-13 11:41:58', '2018-08-13 11:41:58'),
(384, 'cupiditate', 'Aut atque eum eligendi molestiae atque corporis explicabo. Quam aut placeat impedit labore assumenda. Quis molestiae assumenda architecto molestiae.', 909, 2, 5, '2018-08-13 11:41:58', '2018-08-13 11:41:58'),
(385, 'reprehenderit', 'Nostrum aspernatur harum est est possimus laboriosam sunt maiores. Odit aut nam repellendus mollitia ut magnam. Est et mollitia ipsa sint delectus. Aliquid fugiat consequatur qui magnam ullam.', 689, 2, 0, '2018-08-13 11:41:58', '2018-08-13 11:41:58'),
(386, 'aut', 'Quae voluptas quia possimus necessitatibus totam id nesciunt. Ut veniam doloremque ducimus ut labore laudantium. Neque amet exercitationem nisi.', 383, 2, 4, '2018-08-13 11:41:58', '2018-08-13 11:41:58'),
(387, 'quos', 'Molestiae et quaerat unde ab iusto delectus suscipit. Tempore quo dolor ullam saepe dolores culpa ipsam. Aut necessitatibus aut quisquam inventore perferendis consequatur.', 486, 2, 6, '2018-08-13 11:41:58', '2018-08-13 11:41:58'),
(388, 'suscipit', 'Ut ea nisi voluptatibus accusantium. Tempora aut ut soluta deserunt sit quaerat consequatur fuga. Est quo nihil doloremque. Maxime numquam enim quidem.', 308, 2, 5, '2018-08-13 11:41:58', '2018-08-13 11:41:58'),
(389, 'laboriosam', 'Quis eius ducimus natus quis harum eos labore. Qui occaecati aut ex soluta ut repudiandae ut quod. Nostrum temporibus quia quidem eos quia.', 442, 3, 6, '2018-08-13 11:41:58', '2018-08-13 11:41:58'),
(390, 'aut', 'Temporibus et a quisquam et cum. Sit quibusdam id perferendis facilis. Autem nam illum sunt qui possimus. Sint pariatur animi expedita alias.', 403, 2, 9, '2018-08-13 11:41:58', '2018-08-13 11:41:58'),
(391, 'nisi', 'Deleniti veritatis veritatis ut voluptas dolor. Iure vel sit ut neque at. Praesentium illo non deleniti aut architecto reiciendis ea.', 234, 3, 4, '2018-08-13 11:41:58', '2018-08-13 11:41:58'),
(392, 'delectus', 'Sit aliquam in perspiciatis numquam tempore. Aliquam quaerat ullam est accusamus. Maxime ut libero ea nulla adipisci. Excepturi nihil exercitationem molestiae dicta voluptas.', 554, 2, 5, '2018-08-13 11:41:58', '2018-08-13 11:41:58'),
(393, 'dolor', 'Vitae et velit accusamus non aut saepe ut. Rerum sed ex omnis maxime culpa quo. Ipsum ullam sunt nostrum in asperiores rerum.', 259, 2, 3, '2018-08-13 11:41:58', '2018-08-13 11:41:58'),
(394, 'et', 'Nostrum iste sint temporibus qui. Pariatur alias rerum incidunt quia. In non ducimus ut voluptates labore.', 373, 3, 2, '2018-08-13 11:41:58', '2018-08-13 11:41:58'),
(395, 'aut', 'Amet libero maxime non distinctio. Occaecati esse aperiam consequatur distinctio vel deserunt.', 751, 2, 3, '2018-08-13 11:41:58', '2018-08-13 11:41:58'),
(396, 'et', 'Quia expedita inventore in unde minima aut deserunt. Quibusdam omnis maxime et et sit. Tenetur ea facilis eveniet corporis aperiam reprehenderit. Aliquid exercitationem in qui labore minima eligendi.', 771, 2, 4, '2018-08-13 11:41:58', '2018-08-13 11:41:58'),
(397, 'id', 'Velit voluptas in quae ducimus optio. Velit fugiat error facere praesentium. Rerum consequuntur repellat possimus expedita accusamus velit consequuntur.', 816, 2, 6, '2018-08-13 11:41:58', '2018-08-13 11:41:58'),
(398, 'a', 'Provident sit pariatur maxime repellat. Dignissimos culpa veniam et et odio odio. Ut est debitis unde voluptatem non.', 471, 2, 0, '2018-08-13 11:41:58', '2018-08-13 11:41:58'),
(399, 'molestias', 'Architecto sit dolor tenetur a voluptatem sunt. Autem aut non ipsa accusantium recusandae. Alias et vitae debitis dolorem deserunt officiis. Sint architecto laudantium sunt molestias sint.', 118, 3, 9, '2018-08-13 11:41:59', '2018-08-13 11:41:59'),
(400, 'reiciendis', 'Libero necessitatibus temporibus dolores qui quis. Illum qui eligendi aut doloribus vel ducimus. Placeat enim pariatur ut dolorem.', 241, 2, 3, '2018-08-13 11:41:59', '2018-08-13 11:41:59');

-- --------------------------------------------------------

--
-- Table structure for table `reviews`
--

CREATE TABLE `reviews` (
  `id` int(10) UNSIGNED NOT NULL,
  `customer` varchar(191) COLLATE utf8mb4_unicode_ci NOT NULL,
  `review` varchar(191) COLLATE utf8mb4_unicode_ci NOT NULL,
  `star` int(11) NOT NULL,
  `product_id` int(10) UNSIGNED NOT NULL,
  `created_at` timestamp NULL DEFAULT NULL,
  `updated_at` timestamp NULL DEFAULT NULL
) ENGINE=InnoDB DEFAULT CHARSET=utf8mb4 COLLATE=utf8mb4_unicode_ci;

--
-- Dumping data for table `reviews`
--

INSERT INTO `reviews` (`id`, `customer`, `review`, `star`, `product_id`, `created_at`, `updated_at`) VALUES
(603, 'Ford Mayert', 'Tenetur velit autem autem et. Quo hic doloremque perferendis soluta.', 5, 336, '2018-08-13 11:42:01', '2018-08-13 11:42:01'),
(604, 'Bettye Murphy', 'Est quo laudantium sint qui corporis. Voluptas laudantium cupiditate quas.', 2, 329, '2018-08-13 11:42:01', '2018-08-13 11:42:01'),
(605, 'Dr. Julien Huel', 'Maiores explicabo et consequatur suscipit est. Dignissimos itaque repellat cupiditate autem.', 4, 351, '2018-08-13 11:42:01', '2018-08-13 11:42:01'),
(606, 'Leta Schamberger', 'Ea mollitia praesentium occaecati voluptatem eius. Ut ea sapiente qui voluptas aperiam rem et odio. Modi saepe praesentium maxime consectetur sed.', 2, 375, '2018-08-13 11:42:01', '2018-08-13 11:42:01'),
(607, 'Chase Gerlach', 'Eum dolorem amet atque. In quia ex eos eligendi.', 1, 313, '2018-08-13 11:42:01', '2018-08-13 11:42:01'),
(608, 'Benjamin Rohan', 'Atque est rerum voluptas fugit neque officia. Itaque explicabo magnam doloribus perspiciatis in doloribus. Autem maxime sed enim eos enim recusandae.', 1, 347, '2018-08-13 11:42:01', '2018-08-13 11:42:01'),
(609, 'Demarcus Wintheiser', 'Quos est eius ratione minus. Quis totam laborum in nostrum quia est tempore. Dignissimos atque cupiditate est eos vel ea.', 3, 360, '2018-08-13 11:42:01', '2018-08-13 11:42:01'),
(610, 'Dr. Myrtice Mraz', 'Voluptate commodi nulla inventore mollitia repellat neque mollitia. Sunt accusamus iure vero molestias voluptates corporis. Repellendus occaecati sit aut harum illo.', 1, 325, '2018-08-13 11:42:01', '2018-08-13 11:42:01'),
(611, 'Demond Gerhold', 'Expedita ea et aut repellendus non ut placeat. Sint tempora vel quia et placeat. Maiores non velit quia beatae quas sunt.', 2, 365, '2018-08-13 11:42:01', '2018-08-13 11:42:01'),
(612, 'Stone Morar DVM', 'Temporibus ab ut voluptas rerum omnis voluptas sint. Inventore sunt consequatur modi quos.', 4, 313, '2018-08-13 11:42:01', '2018-08-13 11:42:01'),
(613, 'Mr. Keaton Turcotte', 'Dolor dolor illo voluptatem et pariatur. Labore neque labore sit dolorem autem.', 5, 367, '2018-08-13 11:42:01', '2018-08-13 11:42:01'),
(614, 'Ms. Lottie Botsford IV', 'Impedit assumenda quisquam odio voluptas eligendi adipisci. Molestiae deserunt est optio porro aut qui. In ut non est nihil ut.', 1, 346, '2018-08-13 11:42:01', '2018-08-13 11:42:01'),
(615, 'Willard Hintz', 'Esse aut quibusdam laudantium exercitationem cumque eos. Aut aut molestias voluptatem. Sapiente ea et quia nesciunt.', 3, 340, '2018-08-13 11:42:01', '2018-08-13 11:42:01'),
(616, 'Prof. Sheldon Champlin', 'Quo non distinctio aliquid ut. Labore vero dicta magnam laborum odit. Et aspernatur doloremque iure ipsam et similique id.', 2, 368, '2018-08-13 11:42:01', '2018-08-13 11:42:01'),
(617, 'Mrs. Maye Feeney', 'Iste itaque adipisci vero quasi veritatis. Hic nisi dolores ut.', 4, 337, '2018-08-13 11:42:01', '2018-08-13 11:42:01'),
(618, 'Mr. Ernesto Murphy V', 'Rerum dolores corrupti praesentium ducimus perspiciatis. Rerum quis voluptatem cumque aspernatur.', 5, 306, '2018-08-13 11:42:01', '2018-08-13 11:42:01'),
(619, 'Dr. Rocky Miller PhD', 'Dolorem explicabo quod veritatis et. Nam qui iusto nihil omnis quae qui nihil.', 2, 372, '2018-08-13 11:42:01', '2018-08-13 11:42:01'),
(620, 'Tavares Pollich', 'Repudiandae provident omnis voluptatem tempore nihil et. Quia aperiam qui esse doloremque eligendi.', 1, 352, '2018-08-13 11:42:01', '2018-08-13 11:42:01'),
(621, 'Prof. Clementina Greenholt Jr.', 'Ut sint vel et veritatis inventore aut et. Nostrum ab expedita accusantium distinctio dolores omnis excepturi sit.', 1, 325, '2018-08-13 11:42:01', '2018-08-13 11:42:01'),
(622, 'Gerry Wisozk', 'Quod quia autem ut cumque. Voluptatem enim nesciunt rem ad amet. Omnis sed neque unde voluptate est.', 5, 316, '2018-08-13 11:42:01', '2018-08-13 11:42:01'),
(623, 'Madelyn Roberts', 'Dolor expedita quis eos magni eos animi tenetur. Est non ea ad fugiat consequatur.', 3, 315, '2018-08-13 11:42:01', '2018-08-13 11:42:01'),
(624, 'Jamaal Swift II', 'Et corporis consequuntur qui molestiae. Sint voluptates totam et est. Sint culpa et mollitia quas quod.', 4, 348, '2018-08-13 11:42:02', '2018-08-13 11:42:02'),
(625, 'Laury Pacocha DDS', 'Aut est dolorem pariatur. Repellat voluptatibus temporibus aut quo.', 3, 351, '2018-08-13 11:42:02', '2018-08-13 11:42:02'),
(626, 'Prof. Evans Gleichner', 'Possimus et ut itaque omnis. Adipisci error ratione nesciunt sint expedita alias.', 3, 350, '2018-08-13 11:42:02', '2018-08-13 11:42:02'),
(627, 'Kyla Hamill DDS', 'Vero et modi qui beatae harum. Molestias architecto est rerum ab atque amet iusto. Culpa quisquam laudantium itaque blanditiis.', 1, 380, '2018-08-13 11:42:02', '2018-08-13 11:42:02'),
(628, 'Cruz Purdy', 'Enim in sunt quos tenetur. Quaerat aut ut cum voluptatem illum quaerat et. Odit molestiae quo quod.', 4, 319, '2018-08-13 11:42:02', '2018-08-13 11:42:02'),
(629, 'Francesca Turner', 'Totam voluptatum delectus quo dolorum. Amet qui eos ratione ea veritatis magni.', 1, 375, '2018-08-13 11:42:02', '2018-08-13 11:42:02'),
(630, 'Candace Kulas', 'Suscipit ut id id laboriosam nostrum aut eum. Laboriosam ea culpa et qui consequatur et eius quibusdam. Sequi rerum dolorem aut est.', 4, 386, '2018-08-13 11:42:02', '2018-08-13 11:42:02'),
(631, 'Garfield Waters Jr.', 'Voluptate et alias sunt quos. Consequatur atque fugiat fugit sint quasi ea et placeat.', 5, 399, '2018-08-13 11:42:02', '2018-08-13 11:42:02'),
(632, 'Brooke Mayert DVM', 'Veritatis recusandae quas occaecati occaecati voluptatibus a. Molestias distinctio culpa est porro. Tempora natus maiores architecto.', 2, 386, '2018-08-13 11:42:02', '2018-08-13 11:42:02'),
(633, 'Michaela Murray', 'Et tempore qui eum nemo. Harum dolorum qui sequi exercitationem praesentium et consectetur. Non praesentium modi omnis velit facere vero laborum.', 4, 366, '2018-08-13 11:42:02', '2018-08-13 11:42:02'),
(634, 'Dr. Karlee Hodkiewicz DDS', 'Rerum sit nemo dignissimos. Quae impedit ad possimus unde quia.', 1, 371, '2018-08-13 11:42:02', '2018-08-13 11:42:02'),
(635, 'Larissa Funk Sr.', 'Excepturi esse id nostrum totam impedit minima. Repellendus est modi eaque non.', 5, 349, '2018-08-13 11:42:02', '2018-08-13 11:42:02'),
(636, 'Dereck Dare MD', 'Commodi quia quidem eos fugiat quis facilis. Incidunt beatae ut enim quam autem. Tempore commodi natus sint.', 2, 338, '2018-08-13 11:42:02', '2018-08-13 11:42:02'),
(637, 'Frederic Vandervort', 'Non sunt maiores libero et assumenda. Voluptate tenetur vero debitis consequatur sequi qui qui.', 2, 393, '2018-08-13 11:42:02', '2018-08-13 11:42:02'),
(638, 'Bulah Halvorson', 'Voluptas dicta id quidem assumenda et molestiae asperiores. Esse voluptate ex et necessitatibus possimus corporis expedita. Minus voluptas repellat exercitationem.', 3, 378, '2018-08-13 11:42:02', '2018-08-13 11:42:02'),
(639, 'Dortha Mills II', 'Sequi aliquam aut repellat non inventore id aut. Minus sit ut porro temporibus quod et aperiam. Nemo tempora est temporibus porro vero omnis temporibus.', 2, 359, '2018-08-13 11:42:02', '2018-08-13 11:42:02'),
(640, 'Dora Langworth MD', 'Incidunt voluptatem aut est fugit quia incidunt. Qui possimus aliquid ut. Laborum quis sunt repellendus aut.', 2, 320, '2018-08-13 11:42:02', '2018-08-13 11:42:02'),
(641, 'Miss Elenor Hodkiewicz', 'Et corporis cumque vel porro aut natus illum. Consectetur tenetur blanditiis ex.', 5, 353, '2018-08-13 11:42:02', '2018-08-13 11:42:02'),
(642, 'Dr. Ollie Klocko DDS', 'Excepturi tempora sunt incidunt enim est alias. Et rerum velit aut sed illum. Ea ea laudantium ut et sit quas rem aut.', 1, 360, '2018-08-13 11:42:02', '2018-08-13 11:42:02'),
(643, 'Mazie Schimmel MD', 'Tenetur laudantium eligendi natus fuga soluta harum. Eos inventore et unde esse veritatis est reprehenderit est.', 3, 393, '2018-08-13 11:42:02', '2018-08-13 11:42:02'),
(644, 'Nicolette Altenwerth', 'Neque labore rerum qui. Reprehenderit tenetur et voluptas corporis eius cupiditate harum. Nulla modi dolor rerum qui vel rerum vitae.', 4, 345, '2018-08-13 11:42:02', '2018-08-13 11:42:02'),
(645, 'Devon O\'Connell', 'Sit dolore in rerum doloribus ratione. Dolorem dicta dicta repellendus ut. Rerum aut qui perspiciatis eos.', 2, 354, '2018-08-13 11:42:02', '2018-08-13 11:42:02'),
(646, 'Sheridan Watsica', 'Neque autem id minus dolorem distinctio. Officiis maxime itaque qui. Dolor ratione natus dolore ipsum.', 2, 399, '2018-08-13 11:42:02', '2018-08-13 11:42:02'),
(647, 'Francis Johnson', 'Sit non aperiam non ut maxime quidem dolor. Vero hic alias eveniet corrupti quaerat voluptas perferendis.', 2, 326, '2018-08-13 11:42:02', '2018-08-13 11:42:02'),
(648, 'Prof. Kyler Schmeler Sr.', 'Velit nihil voluptas accusamus rem et enim. Est qui quae rerum et similique incidunt. Omnis repellendus et aspernatur pariatur tempore.', 2, 313, '2018-08-13 11:42:02', '2018-08-13 11:42:02'),
(649, 'Sonia Green MD', 'Maiores minus delectus ipsam. Ut qui omnis possimus sequi. Ratione animi itaque at quisquam sit.', 2, 335, '2018-08-13 11:42:02', '2018-08-13 11:42:02'),
(650, 'Cleo Harber', 'Provident quia voluptatem sit voluptatem. Magni sit molestiae corporis dolor et odio id aut. Quis earum distinctio ad.', 5, 325, '2018-08-13 11:42:02', '2018-08-13 11:42:02'),
(651, 'Tommie Torphy', 'Tempora deserunt corporis repudiandae enim qui quo fugiat. Quae labore architecto voluptas tempora. Velit blanditiis numquam dolor.', 1, 382, '2018-08-13 11:42:02', '2018-08-13 11:42:02'),
(652, 'Brandyn Powlowski MD', 'Iste blanditiis quis aut asperiores. Repellat quibusdam vel beatae ea explicabo porro.', 1, 308, '2018-08-13 11:42:02', '2018-08-13 11:42:02'),
(653, 'Dr. Eulah Jenkins III', 'In quia rerum vel praesentium eum tempore neque est. Ducimus cupiditate ipsa corrupti dolor nemo.', 1, 344, '2018-08-13 11:42:02', '2018-08-13 11:42:02'),
(654, 'Lonie Purdy', 'Placeat suscipit dolores ut architecto est. Sed perferendis ut dicta a incidunt animi harum itaque. Labore assumenda enim ipsam soluta repellendus corporis.', 1, 306, '2018-08-13 11:42:02', '2018-08-13 11:42:02'),
(655, 'Prof. Devonte Hermann', 'Recusandae nemo et est maxime at hic. Magnam tenetur iure enim suscipit aut.', 2, 321, '2018-08-13 11:42:02', '2018-08-13 11:42:02'),
(656, 'Moises Kiehn', 'Quas tenetur nam beatae vero. Sint necessitatibus quia nihil est voluptatem voluptatem.', 4, 331, '2018-08-13 11:42:02', '2018-08-13 11:42:02'),
(657, 'Vivian Larson', 'Illo aut dolor dignissimos est et aperiam. Rerum quia qui velit.', 1, 362, '2018-08-13 11:42:02', '2018-08-13 11:42:02'),
(658, 'Jovany Rosenbaum', 'Accusantium porro deserunt ut voluptas aliquam. Et eius dolores qui voluptatibus.', 5, 360, '2018-08-13 11:42:02', '2018-08-13 11:42:02'),
(659, 'Alfreda Beier', 'Enim est dolor sit rerum. Qui expedita maxime ut. Aliquid sed animi error eius veniam aut harum.', 2, 325, '2018-08-13 11:42:02', '2018-08-13 11:42:02'),
(660, 'Cara Brekke', 'Ut consequatur dolores corporis accusamus consequatur. Aut eos atque consequatur voluptatem expedita.', 2, 307, '2018-08-13 11:42:02', '2018-08-13 11:42:02'),
(661, 'Isabelle Huels', 'Eligendi dolorem facilis ducimus totam sint. Ut quisquam illo debitis ducimus.', 5, 394, '2018-08-13 11:42:03', '2018-08-13 11:42:03'),
(662, 'Berenice Gottlieb', 'At reiciendis omnis cumque modi. Fuga voluptatem voluptatem odit excepturi. Perspiciatis et asperiores est illo saepe.', 1, 326, '2018-08-13 11:42:03', '2018-08-13 11:42:03'),
(663, 'Dolores Russel III', 'Soluta est illum numquam et est quasi reiciendis. Reprehenderit quia atque enim quis provident nam qui eligendi.', 2, 319, '2018-08-13 11:42:03', '2018-08-13 11:42:03'),
(664, 'Dasia Hauck', 'Iusto blanditiis ipsa autem est ab. Et dolores nihil pariatur eum quasi eum. Assumenda id est ea voluptatem ut atque voluptatem.', 4, 318, '2018-08-13 11:42:03', '2018-08-13 11:42:03'),
(665, 'Mrs. Leila Hane', 'Quidem unde qui fugit accusamus dolorem et soluta soluta. Velit perferendis vel a et facilis qui eum.', 5, 333, '2018-08-13 11:42:03', '2018-08-13 11:42:03'),
(666, 'Miss Deborah Ortiz PhD', 'In voluptatem sapiente odio fugit cumque similique dolore. Et ea omnis velit explicabo.', 3, 344, '2018-08-13 11:42:03', '2018-08-13 11:42:03'),
(667, 'Prof. Arch Hyatt', 'Voluptatem ut alias labore quasi est dolore. Vel tempora quam dolor error. Aliquam alias veritatis quo porro quia sapiente.', 2, 373, '2018-08-13 11:42:03', '2018-08-13 11:42:03'),
(668, 'Bud Daniel', 'Placeat veritatis ipsa aliquam id provident doloribus maxime. Quae pariatur rerum vel ut saepe non. Vitae tempora ab modi architecto et.', 2, 388, '2018-08-13 11:42:03', '2018-08-13 11:42:03'),
(669, 'Adelle Haley DVM', 'Mollitia est et aut eos. Non voluptatem distinctio excepturi cupiditate atque.', 2, 387, '2018-08-13 11:42:03', '2018-08-13 11:42:03'),
(670, 'Prof. Cyril Mills III', 'Aut eum labore eos quos qui qui cumque. Inventore placeat blanditiis iure ratione non.', 2, 322, '2018-08-13 11:42:03', '2018-08-13 11:42:03'),
(671, 'Dr. Malachi Parisian', 'Dolorem odit culpa quam placeat deleniti facilis. Accusantium quibusdam placeat eaque aperiam.', 5, 371, '2018-08-13 11:42:03', '2018-08-13 11:42:03'),
(672, 'Dr. Jaron Gorczany', 'Itaque ullam in hic consequuntur perferendis vero voluptatem. Et ut id saepe. Qui unde animi qui et.', 2, 307, '2018-08-13 11:42:03', '2018-08-13 11:42:03'),
(673, 'Leopold Adams', 'Qui assumenda sed aperiam omnis aut. Repudiandae ea omnis modi in minima.', 5, 389, '2018-08-13 11:42:03', '2018-08-13 11:42:03'),
(674, 'Katlyn Padberg', 'Distinctio numquam aut voluptates veritatis non rerum est. Repellendus esse ducimus perferendis rerum. Rerum enim eum saepe qui molestias ad autem.', 1, 301, '2018-08-13 11:42:03', '2018-08-13 11:42:03'),
(675, 'Stephen Bauch', 'Optio facilis iste facere molestias. Magnam non quibusdam blanditiis saepe eos sint.', 2, 380, '2018-08-13 11:42:03', '2018-08-13 11:42:03'),
(676, 'Ms. Lily Collins', 'Ut corporis exercitationem dolor saepe error repellendus. Adipisci molestiae omnis iure consequatur omnis. Aut sunt neque nisi quia.', 4, 322, '2018-08-13 11:42:03', '2018-08-13 11:42:03'),
(677, 'Brent Koch', 'Et aut laboriosam eum ducimus ipsa. Ea autem sequi ipsum et non.', 2, 360, '2018-08-13 11:42:03', '2018-08-13 11:42:03'),
(678, 'Litzy Monahan', 'Ipsam qui beatae illum sed omnis molestias dolor. Exercitationem soluta quod fugiat minima impedit ullam voluptatem. Voluptas hic consequatur ipsum sit delectus.', 1, 399, '2018-08-13 11:42:03', '2018-08-13 11:42:03'),
(679, 'Luella Willms', 'Et sapiente aut ipsa impedit. Dolorum nesciunt et cupiditate quia fugiat rem.', 4, 364, '2018-08-13 11:42:03', '2018-08-13 11:42:03'),
(680, 'Kenton Rowe', 'Quis delectus qui optio corrupti blanditiis quo. Ut excepturi sequi voluptatem eius esse expedita. Nesciunt voluptatum quam officiis.', 4, 380, '2018-08-13 11:42:03', '2018-08-13 11:42:03'),
(681, 'Chadrick Brown', 'Tempora aliquid possimus repellendus voluptatem quam non voluptates. Nostrum et eaque earum et consequatur sit.', 5, 303, '2018-08-13 11:42:03', '2018-08-13 11:42:03'),
(682, 'Garrick Borer V', 'Blanditiis aut hic et commodi velit et aut. Qui ullam est iure soluta sit. Cum veniam ab et iure voluptatem sit et laborum.', 3, 395, '2018-08-13 11:42:03', '2018-08-13 11:42:03'),
(683, 'Emelia Johns', 'Iste impedit natus quibusdam harum. Ad veniam velit et ea impedit ea.', 4, 361, '2018-08-13 11:42:03', '2018-08-13 11:42:03'),
(684, 'Brayan Orn', 'Error eius aspernatur impedit eligendi reiciendis consequatur et. Omnis quasi aut cupiditate doloremque voluptatibus dolorem.', 4, 314, '2018-08-13 11:42:03', '2018-08-13 11:42:03'),
(685, 'Ophelia Dach', 'Placeat consectetur facilis beatae natus. Earum vero officiis autem quibusdam sint. Tempore animi explicabo dolorem at atque quis commodi.', 1, 382, '2018-08-13 11:42:03', '2018-08-13 11:42:03'),
(686, 'Prof. Zechariah Graham DVM', 'Et ipsa explicabo consequatur iusto. Consequatur sapiente odio odit possimus neque. Aperiam accusantium fuga et minus molestias hic aut.', 5, 335, '2018-08-13 11:42:03', '2018-08-13 11:42:03'),
(687, 'Naomie Kemmer', 'Ut a et quia maxime voluptas. Voluptatum consequatur unde et. Magni velit illum mollitia libero earum.', 4, 381, '2018-08-13 11:42:03', '2018-08-13 11:42:03'),
(688, 'Daron Wolff DDS', 'Veniam voluptatibus neque rerum repellendus. Hic in et et iusto. Ut possimus saepe voluptas.', 5, 339, '2018-08-13 11:42:03', '2018-08-13 11:42:03'),
(689, 'Prof. Jed Hoeger', 'Sed perspiciatis rerum et doloremque quibusdam. Sint recusandae consequatur sint necessitatibus explicabo.', 1, 325, '2018-08-13 11:42:04', '2018-08-13 11:42:04'),
(690, 'Breanne Gerhold', 'Porro cumque atque dolores officia. Consequatur ut dolores minus quos quas cumque sed.', 5, 316, '2018-08-13 11:42:04', '2018-08-13 11:42:04'),
(691, 'Vivianne Weber', 'Praesentium quos repellat error veniam sed dolorem. Molestiae voluptates reiciendis ea minima repellat.', 5, 324, '2018-08-13 11:42:04', '2018-08-13 11:42:04'),
(692, 'Dena Wunsch', 'Adipisci iure omnis quo et dignissimos. Ex quisquam aliquam unde vel voluptate sequi.', 3, 394, '2018-08-13 11:42:04', '2018-08-13 11:42:04'),
(693, 'Dr. Lane Adams', 'Porro totam enim laudantium deserunt suscipit. Aut voluptatem doloremque labore.', 1, 313, '2018-08-13 11:42:04', '2018-08-13 11:42:04'),
(694, 'Tremayne Pacocha', 'Sed debitis suscipit ex voluptatem enim voluptas qui. Sed quibusdam qui nam aut nulla tempore.', 4, 317, '2018-08-13 11:42:04', '2018-08-13 11:42:04'),
(695, 'Floyd Trantow', 'Tenetur maxime quia reprehenderit ipsum magnam asperiores eum. Laborum aspernatur accusantium dolorem.', 1, 353, '2018-08-13 11:42:04', '2018-08-13 11:42:04'),
(696, 'Christop Langosh', 'Totam consequatur qui magnam quia. Velit ut sed voluptatum sed explicabo rerum voluptatem. Facilis commodi quia nihil omnis quod.', 1, 368, '2018-08-13 11:42:04', '2018-08-13 11:42:04'),
(697, 'Akeem Kassulke', 'Error eos laborum et ullam alias. Reprehenderit enim ut eum voluptas repellendus.', 5, 384, '2018-08-13 11:42:04', '2018-08-13 11:42:04'),
(698, 'Dr. Brooks Tillman', 'Magnam sed eos minus nobis. Voluptatum asperiores repudiandae praesentium natus reprehenderit. Commodi accusantium vero omnis dolorem minima omnis.', 3, 362, '2018-08-13 11:42:04', '2018-08-13 11:42:04'),
(699, 'Miss Jaida Lebsack III', 'Aut nesciunt voluptates commodi architecto est et qui. Est impedit voluptatem minima non vel. Et laborum beatae rerum eos eligendi dolorem quo.', 2, 391, '2018-08-13 11:42:04', '2018-08-13 11:42:04'),
(700, 'Mrs. Billie Casper', 'Quod dolorum exercitationem eveniet molestias quae repellendus quia dolorem. Eos recusandae velit ut voluptatem qui. Quia iure alias mollitia voluptate fugit.', 4, 353, '2018-08-13 11:42:04', '2018-08-13 11:42:04'),
(701, 'Jasen Deckow', 'Quas ab eum quis velit repellendus. Aliquid dignissimos qui neque veniam.', 2, 318, '2018-08-13 11:42:04', '2018-08-13 11:42:04'),
(702, 'Mrs. Cassie Smitham', 'Autem corporis eligendi eveniet quia eveniet et. Aut non provident autem dicta totam sed sint.', 1, 333, '2018-08-13 11:42:04', '2018-08-13 11:42:04'),
(703, 'Mr. Jarvis Purdy II', 'Placeat quas odio eum rerum. Quia reiciendis numquam magni quae.', 3, 372, '2018-08-13 11:42:04', '2018-08-13 11:42:04'),
(704, 'Mr. Oscar Ullrich', 'Labore cupiditate provident et officia placeat soluta. Perspiciatis reiciendis sed odit aut iure. Neque omnis officiis labore harum sint.', 3, 383, '2018-08-13 11:42:04', '2018-08-13 11:42:04'),
(705, 'Jesse Shanahan', 'In aut veniam omnis ut error. Doloribus beatae qui soluta architecto architecto.', 2, 374, '2018-08-13 11:42:04', '2018-08-13 11:42:04'),
(706, 'Edgar McDermott', 'Qui eligendi at aut eligendi ex. Nemo debitis soluta labore ullam totam suscipit est.', 2, 368, '2018-08-13 11:42:04', '2018-08-13 11:42:04'),
(707, 'Lorna Brakus I', 'Adipisci est in ab sequi veritatis repudiandae. At quia sunt quasi rerum.', 2, 391, '2018-08-13 11:42:04', '2018-08-13 11:42:04'),
(708, 'Miss Roberta Mertz IV', 'Assumenda ratione aperiam omnis omnis. Velit iure iure hic ut corrupti eveniet esse rerum. Incidunt vel nesciunt vitae consequatur rem velit et.', 3, 367, '2018-08-13 11:42:04', '2018-08-13 11:42:04'),
(709, 'Maybelle Farrell DDS', 'Illum ex excepturi aut ratione non omnis iusto. Exercitationem omnis est minima.', 4, 354, '2018-08-13 11:42:04', '2018-08-13 11:42:04'),
(710, 'Mrs. Caleigh Kuhn', 'Est soluta nobis ipsa recusandae laboriosam. Corrupti ipsam cupiditate ipsam sit aspernatur ipsam architecto. Et dolores et aut sit est amet.', 5, 364, '2018-08-13 11:42:04', '2018-08-13 11:42:04'),
(711, 'Ola Abshire', 'Fugiat quod et modi doloremque aperiam laborum voluptates. Rem ex distinctio tenetur ut.', 5, 400, '2018-08-13 11:42:04', '2018-08-13 11:42:04'),
(712, 'Dr. Cleora Rogahn I', 'Reiciendis iusto fugit sit voluptates. Consequuntur aut et saepe hic qui excepturi.', 4, 366, '2018-08-13 11:42:04', '2018-08-13 11:42:04'),
(713, 'Mr. Russ Altenwerth', 'Facere dolores assumenda voluptas eius maiores nihil voluptatem. Corrupti et quam incidunt atque et.', 2, 359, '2018-08-13 11:42:04', '2018-08-13 11:42:04'),
(714, 'Richie Beer', 'Nihil dolor nihil iste vitae et saepe et. Magni et et fuga et commodi. Et officia itaque officia quis earum.', 4, 379, '2018-08-13 11:42:04', '2018-08-13 11:42:04'),
(715, 'Ms. Kellie Zieme MD', 'Officia consequatur quia quia aperiam et enim aliquid. Necessitatibus est id aspernatur.', 2, 357, '2018-08-13 11:42:04', '2018-08-13 11:42:04'),
(716, 'Xzavier Crona', 'At sed praesentium autem aliquid ut. Sit tenetur et totam molestias.', 5, 396, '2018-08-13 11:42:04', '2018-08-13 11:42:04'),
(717, 'Dr. Darrell Ondricka', 'Culpa dolorum distinctio recusandae aut et suscipit nulla. Deleniti voluptas reprehenderit ut quo.', 4, 387, '2018-08-13 11:42:04', '2018-08-13 11:42:04'),
(718, 'Maymie Hoeger', 'Autem esse rem inventore omnis deleniti consequatur saepe. Aut laudantium eius harum et natus. Animi modi occaecati quia sequi.', 4, 336, '2018-08-13 11:42:04', '2018-08-13 11:42:04'),
(719, 'Marcelino Kub', 'Nobis consequatur illum cumque dolor dolore. Aut officia et qui porro sint dignissimos delectus. Et suscipit delectus voluptatem eum ut placeat hic.', 3, 397, '2018-08-13 11:42:04', '2018-08-13 11:42:04'),
(720, 'Riley Upton MD', 'Cupiditate omnis in iste quo quia quo id. Nemo nobis deleniti corporis et ratione explicabo. Veniam error enim voluptas aut molestias expedita.', 2, 345, '2018-08-13 11:42:04', '2018-08-13 11:42:04'),
(721, 'Zander Towne', 'Ut autem eum doloribus aliquid. Qui error quia totam ut repellat. Est sit impedit repudiandae qui quasi rem hic.', 5, 391, '2018-08-13 11:42:04', '2018-08-13 11:42:04'),
(722, 'Zechariah Reichert', 'Voluptas debitis consequatur et voluptates eius mollitia modi officiis. Officiis qui adipisci repellendus culpa atque voluptatem.', 3, 345, '2018-08-13 11:42:04', '2018-08-13 11:42:04'),
(723, 'Jaycee Denesik', 'Provident optio earum et rerum. Quia aut maiores et est. Nisi sit corporis minus sequi.', 3, 362, '2018-08-13 11:42:04', '2018-08-13 11:42:04'),
(724, 'Braden White', 'Sed deleniti praesentium sunt. Eos animi ipsa dicta voluptas repellat qui.', 5, 380, '2018-08-13 11:42:04', '2018-08-13 11:42:04'),
(725, 'Dr. Gracie Sanford', 'Sed temporibus qui quis. Ea omnis doloribus perspiciatis in sint quo. Vitae nostrum enim qui ipsam qui voluptatum architecto.', 3, 348, '2018-08-13 11:42:04', '2018-08-13 11:42:04'),
(726, 'Dr. Lewis Ledner I', 'Iusto quasi placeat dignissimos blanditiis qui et omnis. Molestiae facilis unde quae quos dolor.', 4, 332, '2018-08-13 11:42:05', '2018-08-13 11:42:05'),
(727, 'Betty Hackett IV', 'Pariatur iusto eligendi modi quo. Odio dolor aut quidem vel eveniet excepturi.', 1, 397, '2018-08-13 11:42:05', '2018-08-13 11:42:05'),
(728, 'Arvid Doyle', 'Facere incidunt fuga quos. Neque quam aut est minima praesentium. Atque adipisci est iste eveniet quam voluptas.', 4, 378, '2018-08-13 11:42:05', '2018-08-13 11:42:05'),
(729, 'Theresa Mills', 'Vero sint animi dolorem et. Dolores debitis in non sunt.', 4, 354, '2018-08-13 11:42:05', '2018-08-13 11:42:05'),
(730, 'Mr. Rogers Bergnaum DDS', 'Esse molestiae qui voluptates harum ut. Quasi laudantium sequi saepe enim excepturi autem. Veniam consequatur aspernatur quibusdam et tempora voluptas non dolor.', 5, 340, '2018-08-13 11:42:05', '2018-08-13 11:42:05'),
(731, 'Margaret Bashirian', 'Omnis sed aliquid et dolorum earum. Voluptatem quia velit quia laboriosam nam enim molestiae.', 4, 318, '2018-08-13 11:42:05', '2018-08-13 11:42:05'),
(732, 'Ottilie Leffler III', 'Eos dolore non delectus enim velit velit ipsam. Sint quo totam aut veniam veritatis vitae officiis voluptatem.', 1, 327, '2018-08-13 11:42:05', '2018-08-13 11:42:05'),
(733, 'Don Heidenreich', 'Consequatur aperiam nam adipisci quia doloremque quam dolorem. Placeat expedita iusto similique iusto commodi.', 2, 324, '2018-08-13 11:42:05', '2018-08-13 11:42:05'),
(734, 'Jayce Quigley Sr.', 'Dolore quia est officiis iure ducimus autem et ipsam. Aliquid officia rerum earum repellendus ut neque inventore. Quod a eaque facere est cum.', 5, 384, '2018-08-13 11:42:05', '2018-08-13 11:42:05'),
(735, 'Genevieve Powlowski V', 'Dolor officia ut praesentium voluptatem nesciunt cupiditate. Vel earum id voluptas. Ut quis provident doloremque nihil similique.', 3, 320, '2018-08-13 11:42:05', '2018-08-13 11:42:05'),
(736, 'Mr. Gillian Walker III', 'Vel adipisci tenetur ut consequatur voluptatem aut. Quae ut dolor dignissimos eum id. Tempore quos aut et sit et.', 2, 342, '2018-08-13 11:42:05', '2018-08-13 11:42:05'),
(737, 'Ryan Muller', 'Velit ut quaerat consequuntur enim nihil in. Maxime cum et quod quisquam ipsam sit aspernatur.', 3, 379, '2018-08-13 11:42:05', '2018-08-13 11:42:05'),
(738, 'Miss Mckayla Russel V', 'Similique dolorem est eveniet ut placeat doloribus pariatur dicta. Temporibus itaque beatae eum in omnis. Aperiam ad veniam adipisci culpa quis aut perferendis.', 5, 317, '2018-08-13 11:42:05', '2018-08-13 11:42:05'),
(739, 'Mellie Graham Jr.', 'Accusantium cumque in tempora at et vel nesciunt. Laborum iure ut itaque necessitatibus voluptatibus aut blanditiis dolore.', 4, 320, '2018-08-13 11:42:05', '2018-08-13 11:42:05'),
(740, 'Jerry Dach II', 'Quo rem autem enim voluptatibus aut. Et quis dolores sit deserunt.', 5, 306, '2018-08-13 11:42:05', '2018-08-13 11:42:05'),
(741, 'Miss Lilly Smitham II', 'Repudiandae nam maxime eos est ut. Magni neque dolor nisi accusamus quas suscipit neque.', 1, 342, '2018-08-13 11:42:05', '2018-08-13 11:42:05'),
(742, 'Freeda Bins Sr.', 'Sit consequatur sed tempore dolor in quis voluptate et. Possimus non aspernatur esse mollitia.', 4, 328, '2018-08-13 11:42:05', '2018-08-13 11:42:05'),
(743, 'Gaston Runolfsdottir', 'Quidem qui optio id facere dolorem ea. Alias explicabo reiciendis quia sed et. Qui dolorem modi illum ex esse dolorem repellat non.', 3, 309, '2018-08-13 11:42:05', '2018-08-13 11:42:05'),
(744, 'Ms. Raquel Aufderhar DVM', 'Dignissimos molestiae eius eos. Odio fugiat aliquid perferendis dicta autem consequatur et non.', 4, 393, '2018-08-13 11:42:05', '2018-08-13 11:42:05'),
(745, 'Ms. Lorine Shields II', 'Aliquam aperiam maiores ex molestiae. Assumenda unde expedita labore sequi. Reiciendis soluta non a sint error ipsum molestiae consequatur.', 3, 383, '2018-08-13 11:42:05', '2018-08-13 11:42:05'),
(746, 'Miss Summer King II', 'Et omnis illo reiciendis rem earum nam. Voluptatem distinctio odit occaecati et reprehenderit.', 4, 329, '2018-08-13 11:42:05', '2018-08-13 11:42:05'),
(747, 'Dr. Larue Metz', 'Voluptatibus tenetur ut quidem quibusdam quasi voluptatem. Reiciendis sequi et suscipit eum.', 3, 391, '2018-08-13 11:42:05', '2018-08-13 11:42:05'),
(748, 'Prof. Kathryn Blanda', 'Sed consectetur est voluptatem dolorem in quo vel. Consectetur voluptatem libero distinctio molestiae blanditiis dolorum. Consequuntur excepturi rerum placeat autem.', 5, 350, '2018-08-13 11:42:05', '2018-08-13 11:42:05'),
(749, 'Hoyt Kessler', 'Eius iusto maiores et. Sit dolor incidunt voluptatem aperiam nihil et in. Velit ullam enim adipisci.', 3, 309, '2018-08-13 11:42:05', '2018-08-13 11:42:05'),
(750, 'Macie Homenick', 'Eaque delectus quia et incidunt officia quo sed. Sit velit nihil omnis qui dolorem sapiente.', 5, 350, '2018-08-13 11:42:05', '2018-08-13 11:42:05'),
(751, 'Cristian Towne', 'Dolores voluptatem maiores fuga asperiores sint et. Consequatur voluptatum sunt modi enim qui et autem.', 5, 324, '2018-08-13 11:42:05', '2018-08-13 11:42:05'),
(752, 'Shyann Kuphal IV', 'Exercitationem similique aut atque illum voluptatum consectetur dolores. Et voluptatem quam expedita esse. Autem illo repellat quo sed.', 3, 310, '2018-08-13 11:42:05', '2018-08-13 11:42:05'),
(753, 'Mrs. Mariam Frami', 'Praesentium esse iure soluta quam eligendi dolores voluptas est. Dolorem rerum dolores ad. Magni cumque iure et saepe ex incidunt voluptate aut.', 5, 371, '2018-08-13 11:42:05', '2018-08-13 11:42:05'),
(754, 'Alycia Quitzon', 'Quia ut aut hic cumque. Magni sint fugiat impedit.', 4, 316, '2018-08-13 11:42:05', '2018-08-13 11:42:05'),
(755, 'Johnny Eichmann', 'Id natus atque reiciendis cum. Officiis non eum amet eum et rerum quia. Explicabo est sunt quia laboriosam voluptas voluptatem.', 1, 305, '2018-08-13 11:42:05', '2018-08-13 11:42:05'),
(756, 'Josephine Bradtke', 'Vitae ex expedita laboriosam aperiam. Enim et dicta iure unde. Harum saepe explicabo provident officia voluptatem.', 1, 326, '2018-08-13 11:42:05', '2018-08-13 11:42:05'),
(757, 'Aleen Mraz MD', 'Dignissimos doloribus quidem voluptas ullam nemo soluta assumenda. Possimus tenetur quidem ea deleniti ipsam.', 2, 345, '2018-08-13 11:42:05', '2018-08-13 11:42:05'),
(758, 'Peggie McLaughlin', 'Culpa soluta aut deserunt voluptates fuga modi omnis. Ab eum vero consequatur eum.', 5, 338, '2018-08-13 11:42:05', '2018-08-13 11:42:05'),
(759, 'Alena Greenfelder', 'Consequatur nostrum at maxime. Quibusdam quis ratione repellat. Veritatis quod sed labore qui quos veritatis iure.', 1, 363, '2018-08-13 11:42:05', '2018-08-13 11:42:05'),
(760, 'Sylvan Kassulke', 'Molestiae saepe quis perspiciatis dolorem. Dolorem nam qui accusamus voluptate.', 2, 377, '2018-08-13 11:42:05', '2018-08-13 11:42:05'),
(761, 'Lacey Rutherford', 'Totam necessitatibus aut quaerat est nostrum sunt. Libero nostrum eaque aut quasi minima in. Sapiente et excepturi error et.', 4, 301, '2018-08-13 11:42:05', '2018-08-13 11:42:05'),
(762, 'Mose Crist', 'Eum rerum tempora ea quis ut aut. Nesciunt asperiores repellat dicta veniam dignissimos adipisci. Totam laborum laudantium et provident mollitia.', 4, 372, '2018-08-13 11:42:05', '2018-08-13 11:42:05'),
(763, 'Vilma Considine', 'Distinctio esse aut voluptas inventore sunt esse voluptatem. Sit ab et dignissimos odio omnis quis enim. Dicta fugit in voluptas.', 1, 392, '2018-08-13 11:42:05', '2018-08-13 11:42:05'),
(764, 'Tanya Kuhic PhD', 'Dolore autem veniam facilis earum repellendus. Sint quia architecto vel aperiam.', 3, 348, '2018-08-13 11:42:05', '2018-08-13 11:42:05'),
(765, 'Jacey Roob', 'Necessitatibus odio omnis tempore expedita accusantium. Nostrum dolores fuga voluptas doloremque aliquid qui. Ducimus occaecati iusto vel dolorem.', 5, 316, '2018-08-13 11:42:05', '2018-08-13 11:42:05'),
(766, 'Khalid Smitham', 'Qui sequi laborum magnam facere voluptatem aut ut non. Voluptatem nostrum ratione itaque ullam qui sapiente est.', 4, 361, '2018-08-13 11:42:05', '2018-08-13 11:42:05'),
(767, 'Hassan Kuhn', 'Odio quos ut aut vitae voluptas labore optio labore. Ullam laborum repellendus veniam saepe recusandae. Cumque itaque laborum animi eum.', 5, 336, '2018-08-13 11:42:05', '2018-08-13 11:42:05'),
(768, 'Jessy Lehner', 'Ab quis nostrum qui dolores ab vitae numquam doloribus. Doloremque voluptatem dolorum asperiores aut. Tempora aut molestias fuga.', 5, 343, '2018-08-13 11:42:05', '2018-08-13 11:42:05'),
(769, 'Amy Orn', 'Aperiam voluptatibus eum est cumque aspernatur exercitationem quaerat et. Vitae modi assumenda voluptas corporis nostrum natus.', 4, 366, '2018-08-13 11:42:05', '2018-08-13 11:42:05'),
(770, 'Drew Zulauf', 'Blanditiis et non ducimus eum temporibus quasi vel. Soluta vitae necessitatibus perferendis et in. Itaque voluptatem accusantium consequatur aut.', 4, 365, '2018-08-13 11:42:05', '2018-08-13 11:42:05'),
(771, 'Immanuel Metz', 'Et fuga exercitationem voluptatibus nostrum. Accusamus corrupti officiis fugit sed.', 3, 351, '2018-08-13 11:42:05', '2018-08-13 11:42:05'),
(772, 'Willard Hahn', 'Odit et vel praesentium sapiente ut. Sed corrupti quaerat nostrum consequuntur consectetur culpa labore. Magnam a totam eaque veniam.', 1, 305, '2018-08-13 11:42:05', '2018-08-13 11:42:05'),
(773, 'Prof. Thad Yundt', 'Nulla repellat ea quisquam. Praesentium ex ea repellat rerum cupiditate harum optio. Molestias labore blanditiis est et in asperiores nulla.', 1, 335, '2018-08-13 11:42:05', '2018-08-13 11:42:05'),
(774, 'Prof. Frederic Senger', 'Harum repellendus molestiae accusamus molestiae voluptatem qui velit. Ut rerum dolorem voluptatum saepe saepe qui. Atque officia occaecati provident facere fugit.', 4, 365, '2018-08-13 11:42:05', '2018-08-13 11:42:05'),
(775, 'Ms. Velda Swaniawski', 'Eum illum rerum fuga exercitationem aperiam qui. Et placeat saepe impedit et ut quo. Reprehenderit voluptatem dolor sunt et hic.', 2, 367, '2018-08-13 11:42:05', '2018-08-13 11:42:05'),
(776, 'Dr. Josh Kunze', 'Error voluptatum non at possimus. Totam aperiam magnam harum est voluptatem nobis.', 1, 384, '2018-08-13 11:42:05', '2018-08-13 11:42:05'),
(777, 'Prof. Claude Reichel', 'Totam in quidem fugit quae. Impedit saepe omnis vero odio.', 1, 361, '2018-08-13 11:42:05', '2018-08-13 11:42:05'),
(778, 'Vickie Langworth', 'Fugiat cum error ab ipsum fugiat autem. Est aut omnis rerum asperiores animi sit voluptates nihil.', 5, 397, '2018-08-13 11:42:05', '2018-08-13 11:42:05'),
(779, 'Lavina Stroman', 'Suscipit aliquid a sint ut ad similique aut. Consectetur quidem sed laudantium nisi sapiente repudiandae hic. Tempore harum placeat eaque autem quo dolore exercitationem.', 3, 319, '2018-08-13 11:42:05', '2018-08-13 11:42:05'),
(780, 'Wyatt Flatley DDS', 'Officia repellendus iure placeat et delectus temporibus. Voluptatem eum unde eum iure.', 3, 364, '2018-08-13 11:42:05', '2018-08-13 11:42:05'),
(781, 'Broderick Labadie', 'Eos ipsum error harum id eum in iure. Et modi sed nisi consectetur velit recusandae. Et atque ut fugiat sint.', 1, 314, '2018-08-13 11:42:06', '2018-08-13 11:42:06'),
(782, 'Novella Rosenbaum', 'Dolores sunt quia autem autem. Sint quae cupiditate est molestias et eos error.', 1, 339, '2018-08-13 11:42:06', '2018-08-13 11:42:06'),
(783, 'Gillian Roberts', 'Repellat voluptas eveniet qui rerum id dolores expedita. Fugit debitis error minima quas ad aspernatur. Ut soluta velit quisquam.', 4, 372, '2018-08-13 11:42:06', '2018-08-13 11:42:06'),
(784, 'Dr. Jaquan Ebert', 'Voluptatem rerum eligendi dolore sapiente. Illo corporis omnis officia veniam nostrum. Eos ea et beatae.', 1, 343, '2018-08-13 11:42:06', '2018-08-13 11:42:06'),
(785, 'Beverly Pollich IV', 'Aut voluptas occaecati aspernatur modi optio. Temporibus commodi nostrum quibusdam voluptas possimus temporibus iure sapiente.', 4, 384, '2018-08-13 11:42:06', '2018-08-13 11:42:06'),
(786, 'Brett Brakus MD', 'Est at doloribus quidem dicta officiis. Magnam neque fugiat officiis tenetur molestiae.', 3, 368, '2018-08-13 11:42:06', '2018-08-13 11:42:06'),
(787, 'Kathryn Bruen', 'Eos quis et similique aliquid ea fuga. Veniam est quibusdam deserunt aliquam aut reprehenderit autem. Quidem non adipisci aperiam pariatur neque qui hic.', 5, 388, '2018-08-13 11:42:06', '2018-08-13 11:42:06'),
(788, 'Mr. Augustus Nader', 'Ipsum aut accusantium iure error. Eius vel repellat voluptatem necessitatibus. Nulla nihil et sint voluptatum aut a ut porro.', 3, 384, '2018-08-13 11:42:06', '2018-08-13 11:42:06'),
(789, 'Simeon Russel', 'Expedita est rerum dolorem repudiandae sint. Et dolores suscipit dolor fugit consequatur et temporibus.', 3, 368, '2018-08-13 11:42:06', '2018-08-13 11:42:06'),
(790, 'Felicita Wilkinson', 'Placeat dolores rerum molestias commodi vel perspiciatis. Qui est quia aliquam voluptatem recusandae neque. Iusto et ullam id ex et excepturi.', 5, 391, '2018-08-13 11:42:06', '2018-08-13 11:42:06'),
(791, 'Luna McGlynn', 'Quidem error quasi dolorem dolores doloremque sit repellat. Voluptatem alias id beatae repudiandae repellendus similique. Officia tempore quia fugiat et.', 2, 338, '2018-08-13 11:42:06', '2018-08-13 11:42:06'),
(792, 'Marie Lehner', 'Perferendis autem quod beatae esse omnis maxime. Et vel aspernatur dicta nulla tempore alias sed porro.', 5, 350, '2018-08-13 11:42:06', '2018-08-13 11:42:06'),
(793, 'Ayden Leuschke', 'Ut et illum suscipit sunt. Optio error ea minus. Possimus fugiat sequi et ipsum.', 4, 355, '2018-08-13 11:42:06', '2018-08-13 11:42:06'),
(794, 'Terry Lindgren', 'Hic maxime sapiente quo dolor dolor. Non aspernatur voluptates rerum quod sequi laudantium accusantium fugiat. In quaerat quia aliquam dolorem odit unde libero cum.', 1, 355, '2018-08-13 11:42:06', '2018-08-13 11:42:06'),
(795, 'Josie Greenfelder Jr.', 'Qui maiores qui unde esse sunt. Mollitia numquam delectus dolorem quam quia. Voluptas quia magnam ratione sed ea.', 2, 359, '2018-08-13 11:42:06', '2018-08-13 11:42:06'),
(796, 'Werner Kirlin', 'Quo rerum quam beatae impedit officiis nemo ad. Quasi iusto autem neque dolore voluptatem sit.', 4, 326, '2018-08-13 11:42:06', '2018-08-13 11:42:06'),
(797, 'Prof. Griffin Kessler IV', 'Veritatis aut at architecto cum. Eveniet temporibus nihil aliquid. Recusandae qui officiis molestiae saepe voluptates temporibus.', 3, 358, '2018-08-13 11:42:06', '2018-08-13 11:42:06'),
(798, 'Everardo Kling', 'Voluptas vero molestiae ut dolorem et. Recusandae consectetur quia sed optio est.', 1, 354, '2018-08-13 11:42:06', '2018-08-13 11:42:06'),
(799, 'Immanuel Beier', 'Sapiente velit quod excepturi facilis ducimus. Et exercitationem aut aut qui ad necessitatibus. Quos asperiores quia quaerat id expedita quod ad.', 4, 336, '2018-08-13 11:42:06', '2018-08-13 11:42:06'),
(800, 'Aiyana Fisher', 'Molestiae nemo sequi tempore aperiam. Voluptatem quibusdam quisquam quasi vel.', 4, 373, '2018-08-13 11:42:06', '2018-08-13 11:42:06'),
(801, 'Prof. Addison Reynolds', 'Saepe harum qui qui quam nulla. Commodi est distinctio aspernatur quo ad numquam.', 3, 396, '2018-08-13 11:42:06', '2018-08-13 11:42:06'),
(802, 'Melvin Kiehn DVM', 'Voluptatem quia sapiente culpa quibusdam illum eum magnam autem. Et consequatur quod vel at repudiandae.', 1, 381, '2018-08-13 11:42:06', '2018-08-13 11:42:06'),
(803, 'Miss Litzy Treutel V', 'Sequi consequatur consequatur rerum natus eum nemo. Eos quaerat omnis ex fugiat.', 4, 309, '2018-08-13 11:42:06', '2018-08-13 11:42:06'),
(804, 'Gabriella Kreiger', 'Itaque aut ducimus excepturi laudantium. Iure ut ut ex repellat sit nobis nisi. Aut ipsa aliquid aspernatur ut.', 1, 360, '2018-08-13 11:42:06', '2018-08-13 11:42:06'),
(805, 'Jennifer Hoppe I', 'Iure repudiandae fugiat quo et. Nihil voluptas eos deleniti consequatur atque ipsa consequatur.', 4, 373, '2018-08-13 11:42:06', '2018-08-13 11:42:06'),
(806, 'Mortimer Bashirian I', 'Ipsum deleniti fuga odio maxime non qui dolor. Tempore et reprehenderit labore quos natus.', 5, 321, '2018-08-13 11:42:06', '2018-08-13 11:42:06'),
(807, 'Toby O\'Reilly', 'Exercitationem pariatur facilis praesentium eveniet vitae sint voluptatem. Voluptas iste nostrum consequatur sit quia expedita.', 1, 302, '2018-08-13 11:42:06', '2018-08-13 11:42:06'),
(808, 'Eula Gaylord', 'Possimus ex eius dignissimos tempora velit id velit. Fugit enim quod est veritatis repellat et sunt.', 1, 359, '2018-08-13 11:42:06', '2018-08-13 11:42:06'),
(809, 'Orlo Robel', 'A illum repellat ut debitis est assumenda. Molestias placeat consectetur modi magni.', 1, 363, '2018-08-13 11:42:06', '2018-08-13 11:42:06'),
(810, 'Stuart Mitchell', 'Hic ut et est magnam. Incidunt veniam sunt autem voluptas eum. Doloremque voluptatibus nihil nihil et.', 2, 383, '2018-08-13 11:42:06', '2018-08-13 11:42:06'),
(811, 'Raquel Feest III', 'Asperiores dolorem veniam tempora nisi enim. Illo dicta alias ut sed. Et exercitationem et molestiae est tempora.', 4, 318, '2018-08-13 11:42:06', '2018-08-13 11:42:06'),
(812, 'Tyrell Bode DDS', 'Et dolore consequatur aut impedit esse. Officia adipisci natus consectetur hic. Expedita eligendi aperiam maxime odit.', 2, 329, '2018-08-13 11:42:06', '2018-08-13 11:42:06'),
(813, 'Kaci Rodriguez', 'Cupiditate eos nihil consequatur veniam quod in eaque dolore. In minima quasi ut temporibus quaerat quaerat. Iure aliquid dolorem et magni non officia ab.', 2, 353, '2018-08-13 11:42:06', '2018-08-13 11:42:06'),
(814, 'Judson Russel', 'Quod maiores dolorem alias sapiente cupiditate quaerat voluptas. Et quaerat recusandae aliquam et et atque.', 5, 379, '2018-08-13 11:42:06', '2018-08-13 11:42:06'),
(815, 'Kayla Kessler', 'Esse laudantium adipisci pariatur ea. Voluptatem dolor quod atque quod.', 2, 313, '2018-08-13 11:42:06', '2018-08-13 11:42:06'),
(816, 'Mr. Ladarius Anderson MD', 'Sed rerum provident laudantium quaerat nam nesciunt. Quia et eum repudiandae sit eius quaerat dolor. Aut corrupti qui delectus dolor nam et sed.', 5, 321, '2018-08-13 11:42:06', '2018-08-13 11:42:06'),
(817, 'Dr. Rae Buckridge DDS', 'Et aut rerum maiores perspiciatis. Eius tempora recusandae corrupti velit incidunt. Dolorem non eaque qui quo voluptatibus tempore illum.', 3, 399, '2018-08-13 11:42:06', '2018-08-13 11:42:06'),
(818, 'Madilyn Flatley', 'Ipsa eos voluptatem laboriosam necessitatibus. Voluptate commodi qui aperiam consequatur quo. Corrupti porro consequatur maxime sit ducimus omnis tempora.', 5, 383, '2018-08-13 11:42:06', '2018-08-13 11:42:06'),
(819, 'Emanuel Torphy', 'Quasi libero laudantium omnis et voluptates rerum. Labore sunt et odit sed ratione doloribus magnam. Error vitae soluta inventore ea aspernatur et est.', 5, 330, '2018-08-13 11:42:06', '2018-08-13 11:42:06'),
(820, 'Lyda Hickle V', 'Delectus repudiandae repellat eos mollitia non et enim reiciendis. Molestias enim voluptatum eos omnis animi et sed.', 4, 397, '2018-08-13 11:42:06', '2018-08-13 11:42:06'),
(821, 'Audreanne Heller DVM', 'Velit saepe laudantium optio corporis dolorem pariatur deleniti. Qui ipsam doloribus quis iste provident. Nam aperiam in quo quas excepturi.', 4, 314, '2018-08-13 11:42:06', '2018-08-13 11:42:06'),
(822, 'Dax Bartoletti', 'Iste et delectus debitis culpa praesentium. Ullam in blanditiis ut enim qui. Eos omnis quisquam aut blanditiis.', 5, 309, '2018-08-13 11:42:06', '2018-08-13 11:42:06'),
(823, 'Dr. Mallory Gislason', 'Est consequatur quibusdam iure quia sed autem nesciunt. Omnis quaerat est et adipisci.', 5, 352, '2018-08-13 11:42:06', '2018-08-13 11:42:06'),
(824, 'Mr. Mohamed Conn', 'Quisquam odio blanditiis eum pariatur. Dolorem dolor at in iste. Doloremque rerum et non natus dicta quaerat.', 2, 303, '2018-08-13 11:42:06', '2018-08-13 11:42:06'),
(825, 'Dr. Jannie Pagac', 'Et corporis voluptates aut vitae eum odit doloribus dolorem. Saepe dolorum corporis et ipsa qui. Et voluptates laudantium quis ipsum dolor.', 1, 332, '2018-08-13 11:42:06', '2018-08-13 11:42:06'),
(826, 'Gilbert Schowalter', 'Laboriosam et voluptatibus animi laudantium delectus quae. Numquam rerum aut suscipit ut. Repudiandae odit sed laborum consectetur est ut officiis.', 3, 347, '2018-08-13 11:42:06', '2018-08-13 11:42:06'),
(827, 'Laurie Collins', 'Voluptatem quod enim pariatur et corporis dolore in enim. Necessitatibus eveniet fugit commodi doloribus praesentium. Et facere quidem quas cum expedita ipsa.', 1, 371, '2018-08-13 11:42:06', '2018-08-13 11:42:06'),
(828, 'Dr. Bianka Block', 'Velit nisi cupiditate voluptas sit ipsum perspiciatis quidem. Cupiditate temporibus nesciunt provident sunt adipisci rerum id. Ea voluptatem quasi occaecati odio beatae aut repellat.', 3, 358, '2018-08-13 11:42:07', '2018-08-13 11:42:07'),
(829, 'Prof. Bartholome Bechtelar Sr.', 'Id quidem rerum illum quas temporibus. Quisquam eius repudiandae aut illum omnis rerum odio. Deserunt optio officiis non officiis in possimus mollitia.', 4, 317, '2018-08-13 11:42:07', '2018-08-13 11:42:07'),
(830, 'Miss Nikita Fadel DDS', 'Occaecati et et sit iste reiciendis dolores qui quis. Magni assumenda fuga harum deserunt autem fugit explicabo ipsam.', 1, 364, '2018-08-13 11:42:07', '2018-08-13 11:42:07'),
(831, 'Prof. Cullen Schaefer V', 'Numquam tempora rerum cumque et esse hic. Et sunt quia incidunt labore nesciunt voluptatibus.', 3, 363, '2018-08-13 11:42:07', '2018-08-13 11:42:07'),
(832, 'Corbin Kiehn', 'Autem nemo impedit deleniti. Unde perferendis assumenda soluta quo. Ducimus rerum quas voluptate nobis voluptates id.', 2, 328, '2018-08-13 11:42:07', '2018-08-13 11:42:07'),
(833, 'Mr. Garrick Sporer Jr.', 'Iusto vero eos provident. Sint dolorum iure aut qui repellendus et nobis. Quo qui ea doloremque sed corporis accusamus.', 5, 367, '2018-08-13 11:42:07', '2018-08-13 11:42:07'),
(834, 'Mr. Santa Bergnaum', 'Ut qui placeat natus cumque. Labore blanditiis vel ullam qui velit modi debitis. Dolorem nisi repudiandae impedit cupiditate harum aut.', 3, 364, '2018-08-13 11:42:07', '2018-08-13 11:42:07'),
(835, 'Cary Romaguera IV', 'Occaecati ullam non sunt in blanditiis. Ut necessitatibus eligendi enim ut voluptatibus accusantium.', 2, 305, '2018-08-13 11:42:07', '2018-08-13 11:42:07'),
(836, 'Elliot Kunze', 'Quo ut illum tempora dolorem qui eos reprehenderit maiores. Dolorem unde corporis ut facere inventore.', 2, 368, '2018-08-13 11:42:07', '2018-08-13 11:42:07'),
(837, 'Prof. Jo Blick II', 'Ea voluptatibus qui ducimus nisi voluptas iste. Ea natus consectetur qui adipisci molestias voluptatum culpa est. Aperiam corporis consequatur quibusdam est.', 5, 343, '2018-08-13 11:42:07', '2018-08-13 11:42:07'),
(838, 'Imani Nienow', 'Aut voluptatem quo dolores dolores dolores. Non minima et laudantium dolorem possimus ad. Itaque dolores voluptas voluptas.', 3, 338, '2018-08-13 11:42:07', '2018-08-13 11:42:07'),
(839, 'Lonny Roob', 'Facere veniam ex pariatur quia quod expedita. Inventore excepturi aut eum nobis laborum explicabo et. Ut reiciendis incidunt odit excepturi accusantium deserunt ipsum.', 2, 374, '2018-08-13 11:42:07', '2018-08-13 11:42:07'),
(840, 'Kennedi Dietrich', 'Unde explicabo amet est tenetur molestias voluptatem qui. Unde officia vel modi iusto.', 5, 346, '2018-08-13 11:42:07', '2018-08-13 11:42:07'),
(841, 'Dr. Margarete Rutherford', 'Molestiae dicta rerum similique. Eligendi minima sapiente in deleniti dolores iure dolores.', 4, 400, '2018-08-13 11:42:07', '2018-08-13 11:42:07'),
(842, 'Christine Connelly', 'Enim officiis impedit magni quia quam. Sint atque fuga quas enim deleniti.', 5, 353, '2018-08-13 11:42:07', '2018-08-13 11:42:07'),
(843, 'Brandi Daniel', 'Sint sunt voluptate odio sunt. Adipisci vel architecto voluptas voluptates odit cumque.', 4, 342, '2018-08-13 11:42:07', '2018-08-13 11:42:07'),
(844, 'Lula Gleichner IV', 'Asperiores quasi eos sequi. Consectetur voluptas soluta nobis.', 3, 330, '2018-08-13 11:42:07', '2018-08-13 11:42:07'),
(845, 'Donnie Veum', 'Corporis enim ex eligendi velit enim eius. Saepe ut adipisci tempore accusantium fugit voluptas sapiente et.', 2, 318, '2018-08-13 11:42:07', '2018-08-13 11:42:07'),
(846, 'Ms. Briana Bayer', 'Qui culpa minus recusandae et nihil dignissimos ea dolorum. Beatae impedit minima ipsa quibusdam nulla sequi ullam.', 3, 310, '2018-08-13 11:42:07', '2018-08-13 11:42:07'),
(847, 'Dr. Glen Blick PhD', 'Ipsam repellat dolorem pariatur ut dolor. Quia autem libero consequatur quas temporibus quia reiciendis. Tenetur dolores omnis velit omnis esse et vel.', 2, 339, '2018-08-13 11:42:07', '2018-08-13 11:42:07'),
(848, 'Dr. Loyal Braun Jr.', 'Cumque voluptas ex maiores eum. Officiis laudantium vel quidem. Omnis voluptatem et occaecati quasi quia magnam.', 1, 350, '2018-08-13 11:42:07', '2018-08-13 11:42:07'),
(849, 'Gilda Abshire', 'Ea dicta rerum ducimus voluptas quis harum et. Qui repellat porro vitae tenetur. Quam commodi dolorem aspernatur id aut voluptates et.', 1, 340, '2018-08-13 11:42:07', '2018-08-13 11:42:07'),
(850, 'Easter Abernathy', 'Ut dolorum architecto minus voluptas molestias dicta non. Eum quia quae est in. Ut optio enim minima aperiam autem repellendus.', 3, 360, '2018-08-13 11:42:07', '2018-08-13 11:42:07'),
(851, 'Julien Casper', 'Voluptatum beatae quasi aut. Aliquam aspernatur tempore minima iure soluta aut.', 1, 368, '2018-08-13 11:42:07', '2018-08-13 11:42:07'),
(852, 'Dr. Rosa Monahan II', 'Eveniet rerum rerum est molestiae perferendis quod. Pariatur voluptatibus nulla qui impedit repellat neque exercitationem. Ipsa ad est quia consequatur consequatur tempore qui.', 2, 376, '2018-08-13 11:42:07', '2018-08-13 11:42:07'),
(853, 'Sigrid Johnson', 'Iusto modi saepe tenetur autem. Et dicta sed consequatur laudantium. Et dolor impedit molestias ex atque et.', 3, 368, '2018-08-13 11:42:07', '2018-08-13 11:42:07'),
(854, 'Kitty Wisozk', 'Eos aperiam et ea voluptates vel saepe dolorum. Aperiam adipisci odio aut et doloribus. Sequi omnis nulla molestiae.', 4, 322, '2018-08-13 11:42:07', '2018-08-13 11:42:07'),
(855, 'Dr. Laverne Nienow DVM', 'Reprehenderit inventore dolores placeat. Fugit commodi temporibus quidem nihil quis. Corrupti unde qui quidem blanditiis beatae quibusdam facere.', 4, 320, '2018-08-13 11:42:07', '2018-08-13 11:42:07'),
(856, 'Pasquale Moore V', 'Quidem aut repellat aut. Debitis ipsa dolorem laborum repudiandae. Et necessitatibus fuga quia doloribus aut quo ducimus.', 4, 397, '2018-08-13 11:42:07', '2018-08-13 11:42:07'),
(857, 'Dr. Abbey McDermott Sr.', 'Est ad illo ut doloribus. Magnam corrupti est earum natus culpa blanditiis.', 1, 348, '2018-08-13 11:42:07', '2018-08-13 11:42:07'),
(858, 'Ms. Mariam Bernier PhD', 'Aut repellat tenetur repellat alias quis aut accusamus. Qui aut autem quibusdam rem quasi reiciendis.', 1, 387, '2018-08-13 11:42:08', '2018-08-13 11:42:08'),
(859, 'Tyreek Ankunding MD', 'Aut tempore omnis nesciunt. Perferendis atque nihil assumenda sit minima ratione dolor. Blanditiis aut placeat magni fuga nesciunt.', 2, 368, '2018-08-13 11:42:08', '2018-08-13 11:42:08'),
(860, 'Jefferey Kerluke', 'Unde aut voluptate quae ut. Voluptatem et nobis molestiae et ipsum.', 2, 354, '2018-08-13 11:42:08', '2018-08-13 11:42:08');
INSERT INTO `reviews` (`id`, `customer`, `review`, `star`, `product_id`, `created_at`, `updated_at`) VALUES
(861, 'Emanuel Gaylord', 'Totam necessitatibus et est et. Sunt vel ipsam suscipit magnam fuga quia. Non iure necessitatibus expedita praesentium.', 2, 358, '2018-08-13 11:42:08', '2018-08-13 11:42:08'),
(862, 'Miss Annamae Hammes MD', 'Exercitationem quasi nesciunt consectetur aperiam. In odio dolor necessitatibus ullam voluptas quod quibusdam. Commodi porro labore nihil suscipit nesciunt ipsum quia.', 1, 321, '2018-08-13 11:42:08', '2018-08-13 11:42:08'),
(863, 'Abbey Mertz PhD', 'Ipsum quia ab voluptates quia quibusdam aliquid excepturi nesciunt. Ut sint natus sit vitae tempora dignissimos.', 3, 313, '2018-08-13 11:42:08', '2018-08-13 11:42:08'),
(864, 'Tia Bradtke', 'Tempore quis esse sunt voluptatem voluptas. Autem maxime aut sed veniam quam id minima eligendi.', 5, 304, '2018-08-13 11:42:08', '2018-08-13 11:42:08'),
(865, 'Madilyn McClure', 'Cupiditate amet maxime quos veniam repudiandae. Eaque totam quia quia sint eos repellendus reiciendis. Eius ipsum ut adipisci amet et atque non reprehenderit.', 3, 343, '2018-08-13 11:42:08', '2018-08-13 11:42:08'),
(866, 'Kennith O\'Conner', 'Assumenda aliquam delectus ipsa nesciunt distinctio. Vel libero hic omnis dolore id possimus in.', 3, 340, '2018-08-13 11:42:08', '2018-08-13 11:42:08'),
(867, 'Bill Will', 'Recusandae itaque vero quis consequuntur. Sint neque in sit aut temporibus quae autem.', 2, 389, '2018-08-13 11:42:08', '2018-08-13 11:42:08'),
(868, 'Lonie Mayert IV', 'Quam ex et officiis autem. Nam vel quas fugit voluptas iusto rerum ut. Ab amet et quia tenetur aut.', 5, 311, '2018-08-13 11:42:08', '2018-08-13 11:42:08'),
(869, 'Judah Kshlerin', 'Perspiciatis dolorem exercitationem quasi qui cum commodi in. Suscipit soluta eius voluptatibus iusto et laboriosam. Et pariatur qui et exercitationem recusandae et officia.', 5, 382, '2018-08-13 11:42:08', '2018-08-13 11:42:08'),
(870, 'Zack Treutel', 'Nulla ut sed iste temporibus cumque. Quae ut iure non modi voluptates omnis.', 1, 307, '2018-08-13 11:42:08', '2018-08-13 11:42:08'),
(871, 'Rae Upton', 'Vel nihil eaque dolore sequi ea repellendus culpa. Nesciunt quod earum omnis amet voluptas quo.', 3, 358, '2018-08-13 11:42:08', '2018-08-13 11:42:08'),
(872, 'Dora Koepp', 'Sit nesciunt repudiandae hic sit dolor explicabo. Modi numquam ad facere reprehenderit rerum saepe soluta. Dolore aut voluptas saepe maiores velit quo.', 1, 368, '2018-08-13 11:42:08', '2018-08-13 11:42:08'),
(873, 'Alene Jaskolski', 'Rerum illum cupiditate et sit veniam. Natus voluptates ab id officia.', 2, 303, '2018-08-13 11:42:08', '2018-08-13 11:42:08'),
(874, 'Penelope Ortiz', 'Alias cupiditate similique cupiditate ut possimus quidem. Ullam aut voluptatem nulla quia magni.', 2, 396, '2018-08-13 11:42:08', '2018-08-13 11:42:08'),
(875, 'Ora Kozey Jr.', 'Quia temporibus similique labore qui consectetur in repellat. Eos velit ut et expedita sint provident beatae. Eos ex inventore ea.', 3, 389, '2018-08-13 11:42:08', '2018-08-13 11:42:08'),
(876, 'Donna Stark', 'Vel alias maxime eos qui. Sunt in quasi est et. Deserunt qui temporibus velit delectus.', 1, 400, '2018-08-13 11:42:08', '2018-08-13 11:42:08'),
(877, 'King Gottlieb', 'Eligendi sunt ex harum illo iusto nam. Aut ut necessitatibus minima aut. Nihil aspernatur beatae qui ipsa.', 3, 320, '2018-08-13 11:42:08', '2018-08-13 11:42:08'),
(878, 'Breanna Kertzmann', 'Quod debitis est consequatur deserunt veniam maiores vel eligendi. Voluptatibus tempore ut veniam sed vel facilis quo. Cupiditate unde consequuntur blanditiis dolores possimus corporis ipsa.', 5, 331, '2018-08-13 11:42:08', '2018-08-13 11:42:08'),
(879, 'Westley Borer', 'Quae iure sapiente qui libero explicabo. Quasi provident natus qui est.', 4, 336, '2018-08-13 11:42:08', '2018-08-13 11:42:08'),
(880, 'Ms. Hassie Walter Jr.', 'Perspiciatis eum laborum praesentium. Sunt iste et facilis ut. Delectus maxime optio nesciunt aut.', 4, 380, '2018-08-13 11:42:08', '2018-08-13 11:42:08'),
(881, 'Ahmed Cormier', 'Amet quia earum adipisci soluta. Vitae sed laborum perspiciatis ex quae voluptatem.', 5, 321, '2018-08-13 11:42:08', '2018-08-13 11:42:08'),
(882, 'Consuelo Walter', 'Maiores cumque nihil corporis nesciunt provident enim molestias. Tempora laborum in eaque non eos et qui. Illo commodi placeat consequatur et delectus adipisci.', 3, 340, '2018-08-13 11:42:08', '2018-08-13 11:42:08'),
(883, 'Estella Batz', 'Itaque ut rerum tempora saepe id qui incidunt. Rerum ut necessitatibus accusamus itaque laborum recusandae.', 4, 331, '2018-08-13 11:42:08', '2018-08-13 11:42:08'),
(884, 'Miss Lenora Denesik PhD', 'Neque vero soluta facilis neque explicabo molestias. Et reiciendis assumenda ut totam ut blanditiis.', 4, 344, '2018-08-13 11:42:08', '2018-08-13 11:42:08'),
(885, 'Janae Watsica', 'Voluptas sit et molestias omnis modi odit excepturi incidunt. Asperiores molestiae voluptatem molestias error libero quod rerum. Iusto praesentium labore earum officiis excepturi.', 1, 367, '2018-08-13 11:42:08', '2018-08-13 11:42:08'),
(886, 'Caesar Wolff', 'Omnis nihil quae tenetur debitis. Beatae dolorem voluptas similique ratione. Sit ut ut autem perspiciatis ea.', 3, 346, '2018-08-13 11:42:08', '2018-08-13 11:42:08'),
(887, 'Alice Lindgren', 'Quisquam nihil qui itaque temporibus vel et. Repudiandae temporibus deleniti et inventore consectetur quidem.', 1, 353, '2018-08-13 11:42:08', '2018-08-13 11:42:08'),
(888, 'Marge Dickens', 'Voluptas eaque sed perspiciatis maxime itaque et. Dolore qui corrupti omnis cumque odio occaecati voluptatem.', 5, 318, '2018-08-13 11:42:08', '2018-08-13 11:42:08'),
(889, 'Mrs. Lina Lind DVM', 'In nisi dolor voluptatem laboriosam. Nihil earum hic officiis et. Aut molestias optio officia porro recusandae officia totam recusandae.', 3, 350, '2018-08-13 11:42:08', '2018-08-13 11:42:08'),
(890, 'Dr. Neil Torphy DDS', 'Esse et vitae aut omnis tempora qui. Cupiditate aut quo ad et placeat.', 3, 387, '2018-08-13 11:42:08', '2018-08-13 11:42:08'),
(891, 'Dr. Lyla Von II', 'Soluta quis sit minus quae. Praesentium quia ullam voluptatum veritatis quo.', 3, 337, '2018-08-13 11:42:08', '2018-08-13 11:42:08'),
(892, 'Miss Velva Kovacek', 'Maiores voluptatum reprehenderit eum ab ut omnis eius. Corporis veritatis totam labore architecto nulla sint. Beatae nihil ratione dolore dignissimos.', 4, 373, '2018-08-13 11:42:08', '2018-08-13 11:42:08'),
(893, 'Dalton Corwin MD', 'Voluptates et unde explicabo eius qui. Sequi in explicabo et velit eum sint est.', 4, 325, '2018-08-13 11:42:08', '2018-08-13 11:42:08'),
(894, 'Mr. Darrion Thompson V', 'Quibusdam libero odio reiciendis fuga velit officiis esse repudiandae. Consequatur quo deleniti accusantium et. Enim ut laborum labore.', 2, 363, '2018-08-13 11:42:08', '2018-08-13 11:42:08'),
(895, 'Jedediah Macejkovic', 'Eos minus vitae ratione quas est debitis consequatur. Possimus hic quas nostrum nihil. Sint ut velit eaque nam voluptas.', 1, 379, '2018-08-13 11:42:08', '2018-08-13 11:42:08'),
(896, 'Piper Hirthe', 'Enim suscipit quos aut accusantium ut nemo vel. Fugit cumque aliquid occaecati repellat maiores voluptatum non. In maxime et repellat officiis nihil corporis incidunt.', 3, 328, '2018-08-13 11:42:08', '2018-08-13 11:42:08'),
(897, 'Lisette Kirlin Jr.', 'Neque quo velit quibusdam animi. Explicabo beatae animi ullam porro quae iste similique.', 1, 350, '2018-08-13 11:42:08', '2018-08-13 11:42:08'),
(898, 'Reta Franecki', 'Et et et nemo quisquam dolorem. Dolor fugiat quia aut. Quia placeat dolore sunt voluptatum modi tempore.', 3, 347, '2018-08-13 11:42:09', '2018-08-13 11:42:09'),
(899, 'Dr. Belle Hane MD', 'Ut sapiente alias inventore quis et. Harum illum suscipit ullam consequatur soluta quidem. Corrupti voluptates rem nam quam.', 5, 396, '2018-08-13 11:42:09', '2018-08-13 11:42:09'),
(900, 'Mrs. Nelda Streich', 'Qui minus vel architecto porro amet ea rerum. Non dicta sunt accusamus nihil consectetur consequatur.', 1, 377, '2018-08-13 11:42:09', '2018-08-13 11:42:09'),
(901, 'Rosalyn Strosin', 'Eum hic minima a dicta dolor assumenda. Non sunt perspiciatis et. Est distinctio nihil aliquid sint.', 4, 361, '2018-08-13 11:42:09', '2018-08-13 11:42:09'),
(902, 'Stephania Koch', 'Cumque enim et ipsam quam. Sit perspiciatis inventore tenetur voluptates.', 5, 371, '2018-08-13 11:42:09', '2018-08-13 11:42:09');

-- --------------------------------------------------------

--
-- Table structure for table `users`
--

CREATE TABLE `users` (
  `id` int(10) UNSIGNED NOT NULL,
  `name` varchar(191) COLLATE utf8mb4_unicode_ci NOT NULL,
  `email` varchar(191) COLLATE utf8mb4_unicode_ci NOT NULL,
  `password` varchar(191) COLLATE utf8mb4_unicode_ci NOT NULL,
  `remember_token` varchar(100) COLLATE utf8mb4_unicode_ci DEFAULT NULL,
  `created_at` timestamp NULL DEFAULT NULL,
  `updated_at` timestamp NULL DEFAULT NULL
) ENGINE=InnoDB DEFAULT CHARSET=utf8mb4 COLLATE=utf8mb4_unicode_ci;

--
-- Indexes for dumped tables
--

--
-- Indexes for table `migrations`
--
ALTER TABLE `migrations`
  ADD PRIMARY KEY (`id`);

--
-- Indexes for table `password_resets`
--
ALTER TABLE `password_resets`
  ADD KEY `password_resets_email_index` (`email`);

--
-- Indexes for table `products`
--
ALTER TABLE `products`
  ADD PRIMARY KEY (`id`);

--
-- Indexes for table `reviews`
--
ALTER TABLE `reviews`
  ADD PRIMARY KEY (`id`),
  ADD KEY `reviews_product_id_foreign` (`product_id`);

--
-- Indexes for table `users`
--
ALTER TABLE `users`
  ADD PRIMARY KEY (`id`),
  ADD UNIQUE KEY `users_email_unique` (`email`);

--
-- AUTO_INCREMENT for dumped tables
--

--
-- AUTO_INCREMENT for table `migrations`
--
ALTER TABLE `migrations`
  MODIFY `id` int(10) UNSIGNED NOT NULL AUTO_INCREMENT, AUTO_INCREMENT=5;

--
-- AUTO_INCREMENT for table `products`
--
ALTER TABLE `products`
  MODIFY `id` int(10) UNSIGNED NOT NULL AUTO_INCREMENT, AUTO_INCREMENT=401;

--
-- AUTO_INCREMENT for table `reviews`
--
ALTER TABLE `reviews`
  MODIFY `id` int(10) UNSIGNED NOT NULL AUTO_INCREMENT, AUTO_INCREMENT=903;

--
-- AUTO_INCREMENT for table `users`
--
ALTER TABLE `users`
  MODIFY `id` int(10) UNSIGNED NOT NULL AUTO_INCREMENT;

--
-- Constraints for dumped tables
--

--
-- Constraints for table `reviews`
--
ALTER TABLE `reviews`
  ADD CONSTRAINT `reviews_product_id_foreign` FOREIGN KEY (`product_id`) REFERENCES `products` (`id`) ON DELETE CASCADE;
COMMIT;

/*!40101 SET CHARACTER_SET_CLIENT=@OLD_CHARACTER_SET_CLIENT */;
/*!40101 SET CHARACTER_SET_RESULTS=@OLD_CHARACTER_SET_RESULTS */;
/*!40101 SET COLLATION_CONNECTION=@OLD_COLLATION_CONNECTION */;
